country,total_population,gdp,defense_budget,total_manpower,active_personnel,reserve_personnel,air_force_personnel,army_personnel,navy_personnel,total_aircraft,attack_aircraft,fighter_aircraft,transport_aircraft,helicopters,special_mission_aircraft,trainer_aircraft,attack_helicopters,tanker_aircraft,naval_assets,aircraft_carriers,helicopter_carriers,destroyers,frigates,corvettes,submarines,patrol_vessel,mine_warfare,tanks,self_propelled_artillery,towed_artillery,rocket_artillery,external_debt,power_index,alliance_flag,continent,region,flag_image_url,total_military_hardware,assets_per_capita,budget_gdp_ratio,rank,power_index_rank_gap
Madagascar,29452714.0,52968000000.0,147630000.0,11192031.0,13500.0,0.0,300.0,21600.0,500.0,6.0,0.0,0.0,1.0,5.0,0.0,0.0,0.0,0.0,7.0,0.0,0.0,0.0,0.0,0.0,0.0,5.0,0.0,12.0,0.0,17.0,0.0,3548000000.0,3.0381,Non-Aligned,Africa,Sub-Saharan Africa,https://upload.wikimedia.org/wikipedia/commons/thumb/b/b3/Flag_of_Madagascar.svg/25px-Flag_of_Madagascar.svg.png,25.0,2.2e-06,0.00279,131,130
Romania,18148155.0,774376000000.0,10230630000.0,9437041.0,90000.0,55000.0,11700.0,39250.0,6800.0,148.0,0.0,29.0,13.0,66.0,2.0,44.0,0.0,0.0,18.0,0.0,0.0,0.0,3.0,7.0,0.0,0.0,7.0,451.0,0.0,720.0,243.0,145200000000.0,0.9558,NATO,Europe,Eastern Europe,https://upload.wikimedia.org/wikipedia/commons/thumb/b/b3/Flag_of_Romania.svg/25px-Flag_of_Romania.svg.png,617.0,6.54e-05,0.01321,52,51
Philippines,118277063.0,1202000000000.0,6571641011.0,50859137.0,160000.0,1500000.0,33600.0,1310000.0,42270.0,204.0,17.0,0.0,23.0,130.0,11.0,23.0,6.0,0.0,127.0,0.0,0.0,0.0,4.0,1.0,0.0,60.0,0.0,18.0,12.0,296.0,0.0,63241000000.0,0.6993,Non-Aligned,Asia,South-East Asia,https://upload.wikimedia.org/wikipedia/commons/thumb/b/b3/Flag_of_Philippines.svg/25px-Flag_of_Philippines.svg.png,349.0,6.9e-06,0.00547,41,40
Kenya,58246378.0,328632000000.0,1651803025.0,21551160.0,50000.0,0.0,4175.0,50000.0,2500.0,154.0,0.0,17.0,21.0,84.0,2.0,30.0,2.0,0.0,27.0,0.0,0.0,0.0,0.0,0.0,0.0,18.0,0.0,188.0,18.0,53.0,0.0,31451000000.0,1.8588,Non-Aligned,Africa,Sub-Saharan Africa,https://upload.wikimedia.org/wikipedia/commons/thumb/b/b3/Flag_of_Kenya.svg/25px-Flag_of_Kenya.svg.png,369.0,1.71e-05,0.00503,84,83
Denmark,5973136.0,440558000000.0,14250000000.0,2628180.0,21000.0,12000.0,3475.0,88400.0,3600.0,122.0,19.0,26.0,4.0,34.0,3.0,36.0,0.0,0.0,50.0,0.0,0.0,0.0,9.0,0.0,0.0,9.0,6.0,44.0,19.0,0.0,8.0,611050000000.0,0.8198,NATO,Europe,Northern Europe,https://upload.wikimedia.org/wikipedia/commons/thumb/b/b3/Flag_of_Denmark.svg/25px-Flag_of_Denmark.svg.png,216.0,8.22e-05,0.03235,45,44
Bolivia,12311974.0,122200000000.0,467670000.0,5417269.0,40000.0,40000.0,10000.0,43000.0,4500.0,67.0,0.0,0.0,15.0,29.0,2.0,20.0,0.0,0.0,0.0,0.0,0.0,0.0,0.0,0.0,0.0,0.0,0.0,54.0,0.0,58.0,0.0,11174000000.0,1.8301,Non-Aligned,Americas,South America,https://upload.wikimedia.org/wikipedia/commons/thumb/b/b3/Flag_of_Bolivia.svg/25px-Flag_of_Bolivia.svg.png,121.0,2.23e-05,0.00383,82,81
Taiwan,23595274.0,1743000000000.0,31180000000.0,12269542.0,230000.0,1657000.0,125000.0,94000.0,107000.0,720.0,0.0,258.0,19.0,239.0,18.0,215.0,91.0,0.0,91.0,0.0,0.0,4.0,21.0,7.0,4.0,36.0,10.0,1090.0,488.0,1360.0,223.0,229900000000.0,0.3927,Non-Aligned,Asia,Eastern Asia,https://upload.wikimedia.org/wikipedia/commons/thumb/b/b3/Flag_of_Taiwan.svg/25px-Flag_of_Taiwan.svg.png,1901.0,0.0001549,0.01789,22,21
Serbia,6652212.0,177093000000.0,2770000000.0,3259584.0,22500.0,2000.0,3000.0,13200.0,0.0,115.0,17.0,11.0,3.0,51.0,0.0,33.0,4.0,0.0,0.0,0.0,0.0,0.0,0.0,0.0,0.0,0.0,0.0,242.0,96.0,150.0,73.0,21726000000.0,1.2938,Non-Aligned,Europe,Southern Europe,https://upload.wikimedia.org/wikipedia/commons/thumb/b/b3/Flag_of_Serbia.svg/25px-Flag_of_Serbia.svg.png,357.0,0.0001095,0.01564,63,62
Colombia,49588357.0,978024000000.0,15800000000.0,24298295.0,429000.0,998000.0,25000.0,2048583.0,35100.0,430.0,24.0,16.0,82.0,255.0,27.0,72.0,0.0,1.0,213.0,0.0,0.0,0.0,9.0,2.0,4.0,158.0,0.0,0.0,6.0,110.0,0.0,108027000000.0,0.7551,Non-Aligned,Americas,South America,https://upload.wikimedia.org/wikipedia/commons/thumb/b/b3/Flag_of_Colombia.svg/25px-Flag_of_Colombia.svg.png,643.0,2.65e-05,0.01616,43,42
Greece,10461091.0,192205000000.0,8242150000.0,4916713.0,142700.0,221350.0,42500.0,200000.0,30000.0,560.0,0.0,178.0,17.0,285.0,8.0,86.0,28.0,0.0,186.0,0.0,0.0,0.0,14.0,0.0,9.0,45.0,3.0,1344.0,589.0,698.0,152.0,605000000000.0,0.5484,NATO,Europe,Southern Europe,https://upload.wikimedia.org/wikipedia/commons/thumb/b/b3/Flag_of_Greece.svg/25px-Flag_of_Greece.svg.png,2090.0,0.0004251,0.04288,30,29
Mauritania,4328040.0,33069000000.0,270625000.0,1687936.0,31540.0,66000.0,1105.0,102540.0,1500.0,23.0,4.0,0.0,7.0,4.0,2.0,6.0,0.0,0.0,6.0,0.0,0.0,0.0,0.0,0.0,0.0,6.0,0.0,51.0,0.0,75.0,0.0,3072000000.0,2.7919,Non-Aligned,Africa,Sub-Saharan Africa,https://upload.wikimedia.org/wikipedia/commons/thumb/b/b3/Flag_of_Mauritania.svg/25px-Flag_of_Mauritania.svg.png,80.0,4.74e-05,0.00818,123,122
Nicaragua,6676948.0,52989000000.0,1311600000.0,3271705.0,45000.0,0.0,815.0,42935.0,1250.0,17.0,0.0,0.0,5.0,12.0,0.0,1.0,0.0,0.0,23.0,0.0,0.0,0.0,0.0,0.0,0.0,23.0,0.0,186.0,0.0,347.0,151.0,6753000000.0,2.5894,Non-Aligned,Americas,Central America,https://upload.wikimedia.org/wikipedia/commons/thumb/b/b3/Flag_of_Nicaragua.svg/25px-Flag_of_Nicaragua.svg.png,226.0,6.91e-05,0.02475,116,115
Libya,7361263.0,90609000000.0,1474800000.0,3827857.0,32000.0,0.0,1000.0,85000.0,7500.0,83.0,1.0,10.0,12.0,22.0,0.0,35.0,4.0,0.0,5.0,0.0,0.0,0.0,1.0,0.0,0.0,2.0,0.0,55.0,20.0,38.0,25.0,3654200000.0,1.7872,Non-Aligned,Africa,Northern Africa,https://upload.wikimedia.org/wikipedia/commons/thumb/b/b3/Flag_of_Libya.svg/25px-Flag_of_Libya.svg.png,143.0,3.74e-05,0.01628,80,79
Gabon,2455105.0,48045000000.0,340950000.0,932940.0,5000.0,0.0,900.0,4500.0,400.0,25.0,0.0,6.0,3.0,16.0,0.0,0.0,0.0,0.0,5.0,0.0,0.0,0.0,0.0,0.0,0.0,4.0,0.0,0.0,0.0,4.0,28.0,6442000000.0,3.0432,Non-Aligned,Africa,Sub-Saharan Africa,https://upload.wikimedia.org/wikipedia/commons/thumb/b/b3/Flag_of_Gabon.svg/25px-Flag_of_Gabon.svg.png,30.0,3.22e-05,0.0071,132,131
Guatemala,18255216.0,232673000000.0,616000000.0,7484639.0,106114.0,90000.0,2210.0,196114.0,3200.0,35.0,3.0,0.0,10.0,20.0,2.0,0.0,0.0,0.0,25.0,0.0,0.0,0.0,0.0,0.0,0.0,20.0,0.0,0.0,0.0,110.0,0.0,11862000000.0,2.1277,Non-Aligned,Americas,Central America,https://upload.wikimedia.org/wikipedia/commons/thumb/b/b3/Flag_of_Guatemala.svg/25px-Flag_of_Guatemala.svg.png,60.0,8e-06,0.00265,96,95
New Zealand,5161211.0,257117000000.0,2455949332.0,2219321.0,10050.0,3300.0,2875.0,6345.0,2873.0,47.0,0.0,0.0,7.0,21.0,6.0,13.0,0.0,0.0,8.0,0.0,0.0,0.0,2.0,0.0,0.0,4.0,0.0,0.0,0.0,31.0,0.0,230651410000.0,1.9258,Non-Aligned,Oceania,Australia & New Zealand,https://upload.wikimedia.org/wikipedia/commons/thumb/b/b3/Flag_of_New_Zealand.svg/25px-Flag_of_New_Zealand.svg.png,55.0,2.48e-05,0.00955,90,89
Lithuania,2628186.0,136227000000.0,5651760000.0,1708321.0,23000.0,104000.0,1500.0,21000.0,700.0,9.0,0.0,0.0,5.0,4.0,0.0,0.0,0.0,0.0,13.0,0.0,0.0,0.0,0.0,0.0,0.0,5.0,4.0,0.0,16.0,54.0,0.0,48400000000.0,1.8949,NATO,Europe,Northern Europe,https://upload.wikimedia.org/wikipedia/commons/thumb/b/b3/Flag_of_Lithuania.svg/25px-Flag_of_Lithuania.svg.png,22.0,1.29e-05,0.04149,88,87
Mali,21990607.0,71253000000.0,1110000000.0,6817088.0,40000.0,0.0,550.0,44800.0,0.0,44.0,12.0,9.0,8.0,10.0,1.0,4.0,8.0,0.0,0.0,0.0,0.0,0.0,0.0,0.0,0.0,0.0,0.0,0.0,0.0,50.0,30.0,4085000000.0,2.2598,Non-Aligned,Africa,Sub-Saharan Africa,https://upload.wikimedia.org/wikipedia/commons/thumb/b/b3/Flag_of_Mali.svg/25px-Flag_of_Mali.svg.png,44.0,6.5e-06,0.01558,104,103
Italy,60964931.0,3133000000000.0,37325165000.0,27434219.0,165500.0,18300.0,43000.0,97755.0,30000.0,714.0,65.0,88.0,31.0,352.0,22.0,152.0,37.0,8.0,285.0,2.0,0.0,3.0,14.0,0.0,8.0,15.0,10.0,203.0,64.0,108.0,21.0,3025000000000.0,0.2211,NATO,Europe,Southern Europe,https://upload.wikimedia.org/wikipedia/commons/thumb/b/b3/Flag_of_Italy.svg/25px-Flag_of_Italy.svg.png,1202.0,4.38e-05,0.01191,10,9
Finland,5626414.0,313591000000.0,8890000000.0,2306830.0,24000.0,870000.0,41100.0,42000.0,6700.0,162.0,0.0,53.0,11.0,27.0,1.0,77.0,0.0,0.0,165.0,0.0,0.0,0.0,0.0,0.0,0.0,8.0,18.0,200.0,125.0,667.0,76.0,726000000000.0,0.8673,NATO,Europe,Northern Europe,https://upload.wikimedia.org/wikipedia/commons/thumb/b/b3/Flag_of_Finland.svg/25px-Flag_of_Finland.svg.png,527.0,0.0002285,0.02835,48,47
South Africa,60442647.0,870420000000.0,2877000000.0,27803618.0,68731.0,29350.0,13815.0,53872.0,7890.0,181.0,0.0,2.0,11.0,87.0,0.0,81.0,10.0,0.0,63.0,0.0,0.0,0.0,4.0,0.0,3.0,42.0,4.0,248.0,52.0,434.0,201.0,93879000000.0,0.6843,Non-Aligned,Africa,Sub-Saharan Africa,https://upload.wikimedia.org/wikipedia/commons/thumb/b/b3/Flag_of_South_Africa.svg/25px-Flag_of_South_Africa.svg.png,492.0,1.77e-05,0.00331,40,39
Germany,84119100.0,5247000000000.0,127400090000.0,38694786.0,184324.0,860000.0,27725.0,63000.0,15531.0,569.0,63.0,127.0,55.0,292.0,27.0,16.0,49.0,3.0,96.0,0.0,0.0,0.0,11.0,6.0,6.0,54.0,12.0,296.0,134.0,0.0,33.0,6862470230000.0,0.2463,NATO,Europe,Western Europe,https://upload.wikimedia.org/wikipedia/commons/thumb/b/b3/Flag_of_Germany.svg/25px-Flag_of_Germany.svg.png,961.0,2.48e-05,0.02428,12,11
Liberia,5437249.0,9308000000.0,20700000.0,2392390.0,2100.0,0.0,0.0,2100.0,300.0,0.0,0.0,0.0,0.0,0.0,0.0,0.0,0.0,0.0,6.0,0.0,0.0,0.0,0.0,0.0,0.0,6.0,0.0,0.0,0.0,0.0,0.0,1335000000.0,3.9275,Non-Aligned,Africa,Sub-Saharan Africa,https://upload.wikimedia.org/wikipedia/commons/thumb/b/b3/Flag_of_Liberia.svg/25px-Flag_of_Liberia.svg.png,6.0,2.5e-06,0.00222,141,140
Panama,4470241.0,164484000000.0,1069750000.0,2011608.0,16300.0,0.0,500.0,80000.0,0.0,38.0,0.0,0.0,13.0,23.0,2.0,0.0,0.0,0.0,22.0,0.0,0.0,0.0,0.0,0.0,0.0,14.0,0.0,0.0,0.0,0.0,0.0,1227085530000.0,3.5011,Non-Aligned,Americas,Central America,https://upload.wikimedia.org/wikipedia/commons/thumb/b/b3/Flag_of_Panama.svg/25px-Flag_of_Panama.svg.png,60.0,2.98e-05,0.0065,135,134
Czech Republic,10837890.0,521928000000.0,9174000000.0,5093808.0,30334.0,4900.0,3120.0,13000.0,0.0,103.0,16.0,12.0,10.0,42.0,2.0,21.0,4.0,0.0,0.0,0.0,0.0,0.0,0.0,0.0,0.0,0.0,0.0,20.0,53.0,0.0,16.0,232320000000.0,1.0313,Non-Aligned,Other,Other Subregion,https://upload.wikimedia.org/wikipedia/commons/thumb/b/b3/Flag_of_Czech_Republic.svg/25px-Flag_of_Czech_Republic.svg.png,123.0,2.41e-05,0.01758,55,54
Sierra Leone,9121049.0,26728000000.0,450000000.0,2006631.0,13000.0,0.0,175.0,12575.0,250.0,1.0,0.0,0.0,0.0,1.0,0.0,0.0,0.0,0.0,10.0,0.0,0.0,0.0,0.0,0.0,0.0,10.0,0.0,0.0,0.0,0.0,0.0,1451000000.0,3.9201,Non-Aligned,Africa,Sub-Saharan Africa,https://upload.wikimedia.org/wikipedia/commons/thumb/b/b3/Flag_of_Sierra_Leone.svg/25px-Flag_of_Sierra_Leone.svg.png,11.0,5.5e-06,0.01684,140,139
Albania,3107100.0,51360000000.0,720037190.0,1522479.0,7500.0,0.0,650.0,2335.0,1000.0,20.0,0.0,0.0,1.0,19.0,0.0,0.0,0.0,0.0,33.0,0.0,0.0,0.0,0.0,0.0,0.0,33.0,0.0,0.0,10.0,0.0,270.0,5363000000.0,1.7258,NATO,Europe,Eastern Europe,https://upload.wikimedia.org/wikipedia/commons/thumb/b/b3/Flag_of_Albania.svg/25px-Flag_of_Albania.svg.png,53.0,3.48e-05,0.01402,77,76
Uganda,49283041.0,144137000000.0,1510000000.0,16756234.0,45000.0,0.0,1200.0,43800.0,0.0,51.0,0.0,6.0,3.0,30.0,0.0,12.0,6.0,0.0,0.0,0.0,0.0,0.0,0.0,0.0,0.0,0.0,0.0,259.0,6.0,26.0,12.0,10469000000.0,2.3252,Non-Aligned,Africa,Sub-Saharan Africa,https://upload.wikimedia.org/wikipedia/commons/thumb/b/b3/Flag_of_Uganda.svg/25px-Flag_of_Uganda.svg.png,310.0,1.85e-05,0.01048,107,106
Suriname,646758.0,12316000000.0,58440000.0,142287.0,2500.0,0.0,150.0,1000.0,250.0,3.0,0.0,0.0,0.0,3.0,0.0,0.0,0.0,0.0,17.0,0.0,0.0,0.0,0.0,0.0,0.0,17.0,0.0,0.0,0.0,0.0,0.0,2645000000.0,4.0538,Non-Aligned,Americas,South America,https://upload.wikimedia.org/wikipedia/commons/thumb/b/b3/Flag_of_Suriname.svg/25px-Flag_of_Suriname.svg.png,20.0,0.0001406,0.00475,142,141
Tunisia,12048847.0,156086000000.0,2172751250.0,6024424.0,89800.0,0.0,4500.0,150000.0,5000.0,155.0,0.0,10.0,12.0,101.0,4.0,28.0,0.0,0.0,37.0,0.0,0.0,0.0,1.0,1.0,0.0,30.0,0.0,145.0,0.0,105.0,0.0,21212000000.0,1.7823,Non-Aligned,Africa,Northern Africa,https://upload.wikimedia.org/wikipedia/commons/thumb/b/b3/Flag_of_Tunisia.svg/25px-Flag_of_Tunisia.svg.png,337.0,5.59e-05,0.01392,79,78
Thailand,69920998.0,1558000000000.0,6006660000.0,36358919.0,360850.0,200000.0,46000.0,245000.0,69850.0,496.0,26.0,73.0,52.0,258.0,25.0,134.0,7.0,0.0,304.0,0.0,1.0,0.0,7.0,5.0,0.0,254.0,5.0,744.0,59.0,595.0,17.0,37065000000.0,0.4458,Non-Aligned,Asia,South-East Asia,https://upload.wikimedia.org/wikipedia/commons/thumb/b/b3/Flag_of_Thailand.svg/25px-Flag_of_Thailand.svg.png,1544.0,4.25e-05,0.00386,24,23
Egypt,111247248.0,1958000000000.0,5193500000.0,45611372.0,438500.0,479000.0,50000.0,685000.0,50000.0,1088.0,90.0,242.0,53.0,348.0,11.0,344.0,100.0,0.0,149.0,0.0,2.0,0.0,13.0,7.0,8.0,61.0,17.0,3620.0,1056.0,962.0,648.0,117272000000.0,0.3651,Non-Aligned,Africa,Northern Africa,https://upload.wikimedia.org/wikipedia/commons/thumb/b/b3/Flag_of_Egypt.svg/25px-Flag_of_Egypt.svg.png,4857.0,0.0001065,0.00265,19,18
Yemen,32140443.0,18719000000.0,405187500.0,12213368.0,33350.0,0.0,3850.0,56350.0,3250.0,160.0,0.0,68.0,3.0,59.0,0.0,30.0,14.0,0.0,26.0,0.0,0.0,0.0,0.0,1.0,0.0,9.0,0.0,0.0,12.0,60.0,30.0,6492000000.0,2.1617,Non-Aligned,Middle East,Western Asia (Middle East),https://upload.wikimedia.org/wikipedia/commons/thumb/b/b3/Flag_of_Yemen.svg/25px-Flag_of_Yemen.svg.png,186.0,1.52e-05,0.02165,98,97
Syria,23865423.0,98858000000.0,145925000.0,15273871.0,100000.0,0.0,7500.0,100000.0,3250.0,104.0,5.0,52.0,2.0,39.0,0.0,8.0,7.0,0.0,12.0,0.0,0.0,0.0,0.0,0.0,0.0,8.0,0.0,168.0,60.0,0.0,0.0,4441250000.0,1.8861,Non-Aligned,Middle East,Western Asia (Middle East),https://upload.wikimedia.org/wikipedia/commons/thumb/b/b3/Flag_of_Syria.svg/25px-Flag_of_Syria.svg.png,284.0,1.86e-05,0.00148,87,86
Saudi Arabia,36544431.0,2213000000000.0,63988055520.0,19003104.0,247000.0,0.0,30000.0,75000.0,13500.0,917.0,81.0,283.0,49.0,264.0,16.0,202.0,34.0,22.0,32.0,0.0,0.0,0.0,7.0,9.0,0.0,9.0,3.0,1085.0,380.0,557.0,327.0,248171000000.0,0.4473,Non-Aligned,Middle East,Western Asia (Middle East),https://upload.wikimedia.org/wikipedia/commons/thumb/b/b3/Flag_of_Saudi_Arabia.svg/25px-Flag_of_Saudi_Arabia.svg.png,2034.0,0.000107,0.02891,25,24
Cuba,10966038.0,81165000000.0,3301500000.0,5921661.0,50000.0,40000.0,4120.0,90000.0,3550.0,20.0,0.0,11.0,4.0,13.0,0.0,3.0,4.0,0.0,19.0,0.0,0.0,0.0,1.0,1.0,0.0,6.0,4.0,194.0,140.0,364.0,200.0,36372600000.0,1.3345,Non-Aligned,Americas,Central America,https://upload.wikimedia.org/wikipedia/commons/thumb/b/b3/Flag_of_Cuba.svg/25px-Flag_of_Cuba.svg.png,233.0,3.93e-05,0.04068,65,64
Tajikistan,10394063.0,50370000000.0,450460000.0,4781269.0,150000.0,600000.0,1200.0,9000.0,0.0,25.0,0.0,0.0,1.0,20.0,0.0,4.0,6.0,0.0,0.0,0.0,0.0,0.0,0.0,0.0,0.0,0.0,0.0,38.0,3.0,13.0,24.0,3024000000.0,2.1749,Non-Aligned,Asia,Central Asia,https://upload.wikimedia.org/wikipedia/commons/thumb/b/b3/Flag_of_Tajikistan.svg/25px-Flag_of_Tajikistan.svg.png,63.0,1.32e-05,0.00894,100,99
Singapore,6028459.0,800304000000.0,18000000000.0,3918498.0,51000.0,252500.0,13500.0,280000.0,9000.0,235.0,0.0,100.0,9.0,75.0,9.0,36.0,20.0,11.0,101.0,0.0,0.0,0.0,6.0,6.0,6.0,55.0,4.0,170.0,48.0,89.0,24.0,1884751660000.0,0.5272,Non-Aligned,Asia,South-East Asia,https://upload.wikimedia.org/wikipedia/commons/thumb/b/b3/Flag_of_Singapore.svg/25px-Flag_of_Singapore.svg.png,506.0,0.0001291,0.02249,29,28
Honduras,9529188.0,71297000000.0,612300000.0,4192843.0,52225.0,0.0,8520.0,83000.0,4000.0,45.0,7.0,6.0,10.0,11.0,1.0,10.0,0.0,0.0,98.0,0.0,0.0,0.0,0.0,0.0,0.0,93.0,0.0,22.0,0.0,48.0,0.0,7785000000.0,2.2575,Non-Aligned,Americas,Central America,https://upload.wikimedia.org/wikipedia/commons/thumb/b/b3/Flag_of_Honduras.svg/25px-Flag_of_Honduras.svg.png,165.0,3.94e-05,0.00859,103,102
Morocco,37387585.0,350594000000.0,16100000000.0,17946041.0,400000.0,250000.0,13000.0,500000.0,9300.0,271.0,0.0,84.0,31.0,73.0,4.0,77.0,6.0,2.0,100.0,0.0,0.0,0.0,6.0,1.0,0.0,84.0,0.0,1346.0,544.0,188.0,185.0,42262000000.0,1.0368,Non-Aligned,Africa,Northern Africa,https://upload.wikimedia.org/wikipedia/commons/thumb/b/b3/Flag_of_Morocco.svg/25px-Flag_of_Morocco.svg.png,1717.0,9.57e-05,0.04592,56,55
France,68374591.0,3732000000000.0,67232395000.0,30084820.0,264000.0,43444.0,44120.0,141600.0,47000.0,974.0,0.0,223.0,118.0,452.0,44.0,140.0,67.0,15.0,166.0,1.0,3.0,11.0,5.0,0.0,9.0,22.0,19.0,427.0,74.0,0.0,9.0,7691315390000.0,0.1798,NATO,Europe,Western Europe,https://upload.wikimedia.org/wikipedia/commons/thumb/b/b3/Flag_of_France.svg/25px-Flag_of_France.svg.png,1567.0,5.21e-05,0.01802,6,5
South Sudan,12703714.0,6752000000.0,30700000.0,6351857.0,185000.0,0.0,230.0,184120.0,325.0,19.0,0.0,0.0,4.0,15.0,0.0,0.0,6.0,0.0,0.0,0.0,0.0,0.0,0.0,0.0,0.0,0.0,0.0,122.0,24.0,0.0,15.0,2722500000.0,2.4645,Non-Aligned,Africa,Sub-Saharan Africa,https://upload.wikimedia.org/wikipedia/commons/thumb/b/b3/Flag_of_South_Sudan.svg/25px-Flag_of_South_Sudan.svg.png,141.0,2.22e-05,0.00455,113,112
Kosovo,1977093.0,25019000000.0,1177450000.0,917371.0,4000.0,5000.0,0.0,9000.0,0.0,0.0,0.0,0.0,0.0,0.0,0.0,0.0,0.0,0.0,0.0,0.0,0.0,0.0,0.0,0.0,0.0,0.0,0.0,0.0,0.0,0.0,0.0,785739000.0,3.8041,Non-Aligned,Europe,Southern Europe,https://upload.wikimedia.org/wikipedia/commons/thumb/b/b3/Flag_of_Kosovo.svg/25px-Flag_of_Kosovo.svg.png,0.0,0.0,0.04706,138,137
Iraq,42083436.0,585887000000.0,8000000000.0,17675043.0,193000.0,0.0,5000.0,180000.0,3000.0,360.0,36.0,26.0,15.0,183.0,17.0,111.0,39.0,0.0,67.0,0.0,0.0,0.0,0.0,1.0,0.0,55.0,0.0,1188.0,434.0,610.0,572.0,15580000000.0,0.8115,Non-Aligned,Middle East,Western Asia (Middle East),https://upload.wikimedia.org/wikipedia/commons/thumb/b/b3/Flag_of_Iraq.svg/25px-Flag_of_Iraq.svg.png,1615.0,9.14e-05,0.01365,44,43
Australia,26768598.0,1635000000000.0,57350000000.0,11242811.0,58910.0,33270.0,21584.0,44235.0,20607.0,348.0,71.0,24.0,37.0,72.0,31.0,107.0,22.0,6.0,45.0,0.0,2.0,3.0,7.0,0.0,6.0,13.0,3.0,46.0,0.0,48.0,8.0,3770254730000.0,0.3208,Non-Aligned,Oceania,Australia & New Zealand,https://upload.wikimedia.org/wikipedia/commons/thumb/b/b3/Flag_of_Australia.svg/25px-Flag_of_Australia.svg.png,439.0,3.9e-05,0.03508,17,16
Portugal,10639726.0,556942000000.0,6760000000.0,5319863.0,25000.0,23500.0,6000.0,12000.0,7000.0,128.0,5.0,28.0,20.0,36.0,16.0,23.0,0.0,4.0,128.0,0.0,0.0,0.0,5.0,2.0,2.0,71.0,0.0,34.0,23.0,54.0,0.0,530000000000.0,0.6659,NATO,Europe,Southern Europe,https://upload.wikimedia.org/wikipedia/commons/thumb/b/b3/Flag_of_Portugal.svg/25px-Flag_of_Portugal.svg.png,290.0,5.45e-05,0.01214,38,37
Ghana,34589092.0,243124000000.0,954423756.0,14873310.0,15500.0,0.0,1860.0,55000.0,1200.0,18.0,0.0,0.0,2.0,9.0,2.0,5.0,0.0,0.0,20.0,0.0,0.0,0.0,0.0,0.0,0.0,20.0,0.0,0.0,0.0,6.0,6.0,29241000000.0,2.4566,Non-Aligned,Africa,Sub-Saharan Africa,https://upload.wikimedia.org/wikipedia/commons/thumb/b/b3/Flag_of_Ghana.svg/25px-Flag_of_Ghana.svg.png,38.0,2.6e-06,0.00393,112,111
Dominican Republic,10815857.0,276884000000.0,903000000.0,4975294.0,89000.0,189000.0,6730.0,28750.0,13200.0,80.0,8.0,0.0,11.0,49.0,1.0,17.0,0.0,0.0,34.0,0.0,0.0,0.0,0.0,0.0,0.0,14.0,0.0,6.0,0.0,14.0,0.0,35044000000.0,2.5853,Non-Aligned,Americas,Central America,https://upload.wikimedia.org/wikipedia/commons/thumb/b/b3/Flag_of_Dominican_Republic.svg/25px-Flag_of_Dominican_Republic.svg.png,120.0,2.41e-05,0.00326,115,114
Burkina Faso,23042199.0,60001000000.0,4590000000.0,8525614.0,7500.0,0.0,300.0,7000.0,0.0,26.0,3.0,0.0,2.0,19.0,2.0,0.0,5.0,0.0,0.0,0.0,0.0,0.0,0.0,0.0,0.0,0.0,0.0,0.0,0.0,8.0,9.0,3565000000.0,2.9213,Non-Aligned,Other,Other Subregion,https://upload.wikimedia.org/wikipedia/commons/thumb/b/b3/Flag_of_Burkina_Faso.svg/25px-Flag_of_Burkina_Faso.svg.png,26.0,3e-06,0.0765,127,126
South Korea,52081799.0,2607000000000.0,44800000000.0,26040900.0,450000.0,3100000.0,65000.0,365000.0,70000.0,1540.0,98.0,242.0,40.0,827.0,35.0,335.0,113.0,4.0,215.0,0.0,2.0,14.0,18.0,3.0,22.0,96.0,14.0,1831.0,2780.0,5800.0,525.0,553871450000.0,0.1642,Non-Aligned,Asia,Eastern Asia,https://upload.wikimedia.org/wikipedia/commons/thumb/b/b3/Flag_of_South_Korea.svg/25px-Flag_of_South_Korea.svg.png,3586.0,0.0001377,0.01718,5,4
Benin,14697052.0,56424000000.0,137690000.0,5584880.0,4750.0,0.0,300.0,4750.0,200.0,7.0,0.0,0.0,1.0,5.0,1.0,0.0,0.0,0.0,2.0,0.0,0.0,0.0,0.0,0.0,0.0,2.0,0.0,0.0,0.0,16.0,0.0,6309000000.0,3.8963,Non-Aligned,Africa,Sub-Saharan Africa,https://upload.wikimedia.org/wikipedia/commons/thumb/b/b3/Flag_of_Benin.svg/25px-Flag_of_Benin.svg.png,9.0,1.6e-06,0.00244,139,138
Georgia,4900961.0,91849000000.0,680000000.0,2744538.0,37000.0,205500.0,3000.0,205500.0,0.0,61.0,5.0,0.0,2.0,44.0,0.0,10.0,11.0,0.0,19.0,0.0,0.0,0.0,0.0,0.0,0.0,31.0,4.0,132.0,67.0,121.0,42.0,9085000000.0,2.0779,Non-Aligned,Middle East,Western Asia (Middle East),https://upload.wikimedia.org/wikipedia/commons/thumb/b/b3/Flag_of_Georgia.svg/25px-Flag_of_Georgia.svg.png,212.0,7.72e-05,0.0074,95,94
Netherlands,17772378.0,1276000000000.0,31791150000.0,7997570.0,44245.0,8510.0,9500.0,53212.0,24822.0,130.0,38.0,0.0,4.0,67.0,0.0,21.0,16.0,0.0,140.0,0.0,0.0,0.0,6.0,0.0,3.0,76.0,3.0,18.0,46.0,0.0,4.0,5257949730000.0,0.6142,NATO,Europe,Western Europe,https://upload.wikimedia.org/wikipedia/commons/thumb/b/b3/Flag_of_Netherlands.svg/25px-Flag_of_Netherlands.svg.png,288.0,3.6e-05,0.02491,34,33
China,1415043270.0,33598000000000.0,303000000000.0,764123366.0,2035000.0,510000.0,403000.0,2545000.0,384000.0,3529.0,371.0,1443.0,287.0,1007.0,105.0,401.0,281.0,9.0,841.0,3.0,4.0,53.0,46.0,50.0,61.0,150.0,36.0,5870.0,2940.0,1400.0,2770.0,488114000000.0,0.0919,Non-Aligned,Asia,Eastern Asia,https://upload.wikimedia.org/wikipedia/commons/thumb/b/b3/Flag_of_China.svg/25px-Flag_of_China.svg.png,10240.0,1.34e-05,0.00902,3,2
Vietnam,105758975.0,1456000000000.0,10200000000.0,54994667.0,450000.0,5000000.0,35000.0,5450000.0,50000.0,265.0,0.0,61.0,6.0,101.0,3.0,91.0,0.0,0.0,116.0,0.0,0.0,0.0,9.0,17.0,6.0,27.0,8.0,1999.0,30.0,3250.0,774.0,34426000000.0,0.4066,Non-Aligned,Asia,South-East Asia,https://upload.wikimedia.org/wikipedia/commons/thumb/b/b3/Flag_of_Vietnam.svg/25px-Flag_of_Vietnam.svg.png,2380.0,4.33e-05,0.00701,23,22
Croatia,4150116.0,164825000000.0,2744000000.0,2033557.0,14325.0,20100.0,1500.0,7000.0,1365.0,67.0,0.0,12.0,0.0,37.0,0.0,26.0,0.0,0.0,30.0,0.0,0.0,0.0,0.0,0.0,0.0,11.0,1.0,55.0,25.0,42.0,42.0,60500000000.0,1.5432,NATO,Europe,Southern Europe,https://upload.wikimedia.org/wikipedia/commons/thumb/b/b3/Flag_of_Croatia.svg/25px-Flag_of_Croatia.svg.png,152.0,7.47e-05,0.01665,73,72
United States Of America,341963408.0,25676000000000.0,831500000000.0,150463900.0,1333030.0,799500.0,708758.0,1174890.0,612124.0,13032.0,926.0,1791.0,917.0,5913.0,611.0,2610.0,1024.0,610.0,465.0,11.0,9.0,83.0,0.0,27.0,66.0,0.0,4.0,4666.0,1521.0,1878.0,1731.0,24538900710000.0,0.0741,NATO,Americas,Northern America,https://upload.wikimedia.org/wikipedia/commons/thumb/b/b3/Flag_of_United_States_Of_America.svg/25px-Flag_of_United_States_Of_America.svg.png,18163.0,0.0001207,0.03238,1,0
Canada,38794813.0,2341000000000.0,45824959620.0,16681770.0,63500.0,23000.0,15560.0,49300.0,16300.0,354.0,0.0,66.0,29.0,146.0,34.0,95.0,0.0,6.0,67.0,0.0,0.0,0.0,12.0,0.0,4.0,17.0,0.0,74.0,0.0,0.0,0.0,2571113270000.0,0.5269,NATO,Americas,Northern America,https://upload.wikimedia.org/wikipedia/commons/thumb/b/b3/Flag_of_Canada.svg/25px-Flag_of_Canada.svg.png,495.0,2.97e-05,0.01957,28,27
India,1409128296.0,14244000000000.0,109000000000.0,662290299.0,1431000.0,1000000.0,289000.0,2148000.0,148869.0,2183.0,124.0,476.0,277.0,594.0,72.0,334.0,79.0,6.0,343.0,2.0,0.0,13.0,18.0,21.0,18.0,146.0,0.0,3913.0,100.0,5640.0,300.0,212728000000.0,0.1346,Non-Aligned,Asia,Southern Asia,https://upload.wikimedia.org/wikipedia/commons/thumb/b/b3/Flag_of_India.svg/25px-Flag_of_India.svg.png,6439.0,9.7e-06,0.00765,4,3
Democratic Republic Of The Congo,115403027.0,164367000000.0,960000000.0,39237029.0,166580.0,30800.0,2550.0,103000.0,6700.0,56.0,6.0,0.0,10.0,38.0,0.0,2.0,9.0,0.0,16.0,0.0,0.0,0.0,0.0,0.0,0.0,16.0,0.0,212.0,16.0,125.0,81.0,7926000000.0,1.3051,Non-Aligned,Africa,Sub-Saharan Africa,https://upload.wikimedia.org/wikipedia/commons/thumb/b/b3/Flag_of_Democratic_Republic_Of_The_Congo.svg/25px-Flag_of_Democratic_Republic_Of_The_Congo.svg.png,284.0,7.2e-06,0.00584,64,63
Namibia,2803660.0,31154000000.0,450498000.0,616805.0,17567.0,0.0,1175.0,8500.0,3000.0,36.0,0.0,11.0,5.0,7.0,0.0,13.0,2.0,0.0,15.0,0.0,0.0,0.0,0.0,2.0,0.0,15.0,0.0,7.0,0.0,50.0,55.0,9680000000.0,2.7414,Non-Aligned,Africa,Sub-Saharan Africa,https://upload.wikimedia.org/wikipedia/commons/thumb/b/b3/Flag_of_Namibia.svg/25px-Flag_of_Namibia.svg.png,58.0,9.4e-05,0.01446,122,121
Paraguay,7522549.0,112919000000.0,416800000.0,3535598.0,15650.0,168500.0,1100.0,180000.0,5400.0,49.0,4.0,0.0,12.0,18.0,1.0,14.0,0.0,0.0,0.0,0.0,0.0,0.0,0.0,0.0,0.0,0.0,0.0,10.0,6.0,50.0,0.0,13783000000.0,1.7974,Non-Aligned,Americas,South America,https://upload.wikimedia.org/wikipedia/commons/thumb/b/b3/Flag_of_Paraguay.svg/25px-Flag_of_Paraguay.svg.png,59.0,1.67e-05,0.00369,81,80
Ecuador,18309984.0,252728000000.0,2963400000.0,8422593.0,41250.0,118000.0,6200.0,25650.0,9400.0,99.0,0.0,0.0,20.0,43.0,8.0,34.0,0.0,0.0,30.0,0.0,0.0,0.0,2.0,6.0,2.0,5.0,0.0,202.0,5.0,106.0,24.0,39658000000.0,1.4479,Non-Aligned,Americas,South America,https://upload.wikimedia.org/wikipedia/commons/thumb/b/b3/Flag_of_Ecuador.svg/25px-Flag_of_Ecuador.svg.png,331.0,3.93e-05,0.01173,72,71
Algeria,47022473.0,722912000000.0,25000000000.0,22570787.0,130000.0,150000.0,14000.0,280000.0,15000.0,620.0,42.0,111.0,63.0,300.0,10.0,90.0,74.0,4.0,111.0,0.0,0.0,0.0,8.0,8.0,6.0,75.0,3.0,1485.0,224.0,483.0,188.0,4764000000.0,0.4849,Non-Aligned,Africa,Northern Africa,https://upload.wikimedia.org/wikipedia/commons/thumb/b/b3/Flag_of_Algeria.svg/25px-Flag_of_Algeria.svg.png,2216.0,9.82e-05,0.03458,27,26
Botswana,2450668.0,45553000000.0,581000000.0,1029281.0,12000.0,0.0,500.0,12000.0,0.0,45.0,0.0,10.0,9.0,16.0,0.0,10.0,0.0,0.0,0.0,0.0,0.0,0.0,0.0,0.0,0.0,0.0,0.0,45.0,12.0,36.0,20.0,1761000000.0,2.9993,Non-Aligned,Africa,Sub-Saharan Africa,https://upload.wikimedia.org/wikipedia/commons/thumb/b/b3/Flag_of_Botswana.svg/25px-Flag_of_Botswana.svg.png,90.0,8.74e-05,0.01275,130,129
Uzbekistan,36520593.0,379989000000.0,6210000000.0,18990708.0,120000.0,0.0,15000.0,95000.0,550.0,159.0,13.0,26.0,12.0,101.0,0.0,7.0,34.0,0.0,0.0,0.0,0.0,0.0,0.0,0.0,0.0,0.0,0.0,470.0,177.0,236.0,108.0,25714000000.0,0.9908,Non-Aligned,Asia,Central Asia,https://upload.wikimedia.org/wikipedia/commons/thumb/b/b3/Flag_of_Uzbekistan.svg/25px-Flag_of_Uzbekistan.svg.png,629.0,3.31e-05,0.01634,53,52
Tanzania,67462121.0,246706000000.0,1476113361.0,12143182.0,25000.0,0.0,1825.0,21975.0,1200.0,38.0,0.0,11.0,6.0,15.0,0.0,6.0,0.0,0.0,12.0,0.0,0.0,0.0,0.0,0.0,0.0,10.0,0.0,200.0,0.0,205.0,70.0,17513000000.0,1.9111,Non-Aligned,Africa,Sub-Saharan Africa,https://upload.wikimedia.org/wikipedia/commons/thumb/b/b3/Flag_of_Tanzania.svg/25px-Flag_of_Tanzania.svg.png,250.0,2.06e-05,0.00598,89,88
Somalia,13017273.0,26770000000.0,870000000.0,2993973.0,30000.0,0.0,550.0,29150.0,500.0,6.0,0.0,0.0,0.0,6.0,0.0,0.0,0.0,0.0,19.0,0.0,0.0,0.0,0.0,0.0,0.0,19.0,0.0,0.0,0.0,0.0,0.0,2563000000.0,3.7393,Non-Aligned,Africa,Sub-Saharan Africa,https://upload.wikimedia.org/wikipedia/commons/thumb/b/b3/Flag_of_Somalia.svg/25px-Flag_of_Somalia.svg.png,25.0,8.4e-06,0.0325,137,136
North Macedonia,2135622.0,43844000000.0,421527100.0,948216.0,10010.0,60000.0,950.0,70011.0,0.0,20.0,0.0,0.0,0.0,10.0,0.0,10.0,4.0,0.0,0.0,0.0,0.0,0.0,0.0,0.0,0.0,0.0,0.0,0.0,0.0,156.0,18.0,5637000000.0,2.4956,NATO,Europe,Southern Europe,https://upload.wikimedia.org/wikipedia/commons/thumb/b/b3/Flag_of_North_Macedonia.svg/25px-Flag_of_North_Macedonia.svg.png,20.0,2.11e-05,0.00961,114,113
Zimbabwe,17150352.0,57391000000.0,1976800000.0,6517134.0,29000.0,0.0,5000.0,25000.0,0.0,80.0,9.0,9.0,14.0,28.0,0.0,20.0,6.0,0.0,0.0,0.0,0.0,0.0,0.0,0.0,0.0,0.0,0.0,60.0,0.0,0.0,0.0,6671000000.0,2.2801,Non-Aligned,Africa,Sub-Saharan Africa,https://upload.wikimedia.org/wikipedia/commons/thumb/b/b3/Flag_of_Zimbabwe.svg/25px-Flag_of_Zimbabwe.svg.png,140.0,2.15e-05,0.03444,105,104
Central African Republic,5650957.0,5926000000.0,300000000.0,2203873.0,30000.0,0.0,100.0,30000.0,0.0,8.0,8.0,0.0,0.0,0.0,0.0,0.0,0.0,0.0,0.0,0.0,0.0,0.0,0.0,0.0,0.0,0.0,0.0,0.0,0.0,0.0,0.0,724179000.0,4.2381,Non-Aligned,Africa,Sub-Saharan Africa,https://upload.wikimedia.org/wikipedia/commons/thumb/b/b3/Flag_of_Central_African_Republic.svg/25px-Flag_of_Central_African_Republic.svg.png,8.0,3.6e-06,0.05062,143,142
Kuwait,3138355.0,225947000000.0,7987000000.0,1726095.0,78000.0,24000.0,2500.0,103000.0,4000.0,133.0,0.0,47.0,2.0,68.0,0.0,13.0,16.0,3.0,123.0,0.0,0.0,0.0,0.0,0.0,0.0,106.0,0.0,367.0,51.0,0.0,27.0,60500000000.0,1.7161,Non-Aligned,Middle East,Western Asia (Middle East),https://upload.wikimedia.org/wikipedia/commons/thumb/b/b3/Flag_of_Kuwait.svg/25px-Flag_of_Kuwait.svg.png,623.0,0.0003609,0.03535,76,75
Mozambique,33350954.0,51786000000.0,480000000.0,14674420.0,11200.0,0.0,4000.0,11200.0,1000.0,23.0,2.0,8.0,5.0,7.0,0.0,1.0,2.0,0.0,36.0,0.0,0.0,0.0,0.0,0.0,0.0,36.0,0.0,60.0,0.0,104.0,12.0,8274000000.0,1.9769,Non-Aligned,Africa,Sub-Saharan Africa,https://upload.wikimedia.org/wikipedia/commons/thumb/b/b3/Flag_of_Mozambique.svg/25px-Flag_of_Mozambique.svg.png,119.0,8.1e-06,0.00927,92,91
Slovakia,5563649.0,218762000000.0,2900000000.0,2837461.0,20982.0,0.0,3200.0,18282.0,0.0,48.0,0.0,7.0,7.0,22.0,1.0,11.0,0.0,0.0,0.0,0.0,0.0,0.0,0.0,0.0,0.0,0.0,0.0,45.0,35.0,9.0,25.0,140360000000.0,1.3911,NATO,Other,Other Subregion,https://upload.wikimedia.org/wikipedia/commons/thumb/b/b3/Flag_of_Slovakia.svg/25px-Flag_of_Slovakia.svg.png,93.0,3.28e-05,0.01326,69,68
Ukraine,35661826.0,577583000000.0,45000000000.0,18187531.0,900000.0,4000000.0,35000.0,250000.0,11000.0,347.0,30.0,88.0,22.0,140.0,5.0,72.0,39.0,0.0,169.0,0.0,0.0,0.0,0.0,0.0,0.0,133.0,5.0,1121.0,682.0,625.0,288.0,90003000000.0,0.3691,Non-Aligned,Europe,Eastern Europe,https://upload.wikimedia.org/wikipedia/commons/thumb/b/b3/Flag_of_Ukraine.svg/25px-Flag_of_Ukraine.svg.png,1637.0,9e-05,0.07791,20,19
Cameroon,30966105.0,143264000000.0,835694942.0,10528476.0,38000.0,0.0,420.0,47000.0,1000.0,35.0,0.0,0.0,6.0,21.0,2.0,6.0,0.0,0.0,19.0,0.0,0.0,0.0,0.0,0.0,0.0,19.0,0.0,0.0,18.0,52.0,20.0,11112000000.0,2.1689,Non-Aligned,Africa,Sub-Saharan Africa,https://upload.wikimedia.org/wikipedia/commons/thumb/b/b3/Flag_of_Cameroon.svg/25px-Flag_of_Cameroon.svg.png,54.0,5.1e-06,0.00583,99,98
United Kingdom,68459055.0,3636000000000.0,88526529585.0,31491165.0,141330.0,31940.0,34800.0,108413.0,37890.0,625.0,38.0,103.0,30.0,262.0,29.0,201.0,50.0,9.0,116.0,2.0,0.0,6.0,7.0,0.0,10.0,26.0,8.0,288.0,14.0,126.0,43.0,10553123900000.0,0.1881,NATO,Europe,Northern Europe,https://upload.wikimedia.org/wikipedia/commons/thumb/b/b3/Flag_of_United_Kingdom.svg/25px-Flag_of_United_Kingdom.svg.png,1029.0,3.27e-05,0.02435,8,7
El Salvador,6628702.0,73961000000.0,1037200000.0,3181777.0,25000.0,0.0,2000.0,20500.0,2000.0,51.0,15.0,0.0,3.0,28.0,0.0,10.0,0.0,0.0,13.0,0.0,0.0,0.0,0.0,0.0,0.0,8.0,0.0,0.0,0.0,76.0,0.0,12668000000.0,2.9973,Non-Aligned,Americas,Central America,https://upload.wikimedia.org/wikipedia/commons/thumb/b/b3/Flag_of_El_Salvador.svg/25px-Flag_of_El_Salvador.svg.png,64.0,2.01e-05,0.01402,129,128
Montenegro,599849.0,17375000000.0,204000000.0,143964.0,2350.0,0.0,480.0,1500.0,550.0,10.0,0.0,0.0,0.0,10.0,0.0,0.0,0.0,0.0,20.0,0.0,0.0,0.0,0.0,0.0,0.0,14.0,0.0,0.0,0.0,12.0,12.0,3643000000.0,2.9782,NATO,Europe,Southern Europe,https://upload.wikimedia.org/wikipedia/commons/thumb/b/b3/Flag_of_Montenegro.svg/25px-Flag_of_Montenegro.svg.png,30.0,0.0002084,0.01174,128,127
Mexico,130739927.0,2883000000000.0,9100000000.0,61447766.0,387000.0,98653.0,30515.0,275443.0,92043.0,424.0,32.0,2.0,40.0,173.0,25.0,175.0,0.0,0.0,164.0,0.0,0.0,0.0,1.0,3.0,0.0,142.0,0.0,0.0,35.0,0.0,0.0,306308000000.0,0.6401,Non-Aligned,Americas,Central America,https://upload.wikimedia.org/wikipedia/commons/thumb/b/b3/Flag_of_Mexico.svg/25px-Flag_of_Mexico.svg.png,588.0,9.6e-06,0.00316,36,35
Ireland,5233461.0,620544000000.0,1754400500.0,2407392.0,7557.0,1720.0,690.0,7705.0,800.0,23.0,0.0,0.0,5.0,8.0,2.0,8.0,0.0,0.0,8.0,0.0,0.0,0.0,0.0,0.0,0.0,8.0,0.0,0.0,0.0,0.0,0.0,3630000000000.0,2.0661,Non-Aligned,Europe,Northern Europe,https://upload.wikimedia.org/wikipedia/commons/thumb/b/b3/Flag_of_Ireland.svg/25px-Flag_of_Ireland.svg.png,31.0,1.29e-05,0.00283,94,93
Poland,38746310.0,1649000000000.0,55865141600.0,18985692.0,250000.0,350000.0,16500.0,110000.0,8240.0,457.0,12.0,58.0,44.0,224.0,11.0,112.0,29.0,0.0,63.0,0.0,0.0,0.0,2.0,2.0,1.0,3.0,29.0,798.0,593.0,0.0,298.0,425641700000.0,0.3891,NATO,Europe,Eastern Europe,https://upload.wikimedia.org/wikipedia/commons/thumb/b/b3/Flag_of_Poland.svg/25px-Flag_of_Poland.svg.png,1318.0,6.94e-05,0.03388,21,20
Senegal,18847519.0,83183000000.0,777800000.0,7162057.0,17000.0,0.0,1000.0,15460.0,500.0,39.0,0.0,0.0,5.0,19.0,1.0,22.0,5.0,0.0,4.0,0.0,0.0,0.0,0.0,0.0,0.0,4.0,0.0,0.0,0.0,20.0,6.0,14985000000.0,2.8925,Non-Aligned,Africa,Sub-Saharan Africa,https://upload.wikimedia.org/wikipedia/commons/thumb/b/b3/Flag_of_Senegal.svg/25px-Flag_of_Senegal.svg.png,43.0,6e-06,0.00935,126,125
Belarus,9501451.0,265220000000.0,1034784000.0,5035769.0,63000.0,365400.0,11300.0,18000.0,0.0,194.0,50.0,43.0,4.0,70.0,0.0,27.0,31.0,0.0,0.0,0.0,0.0,0.0,0.0,0.0,0.0,0.0,0.0,577.0,357.0,190.0,206.0,18010000000.0,1.4072,Non-Aligned,Europe,Eastern Europe,https://upload.wikimedia.org/wikipedia/commons/thumb/b/b3/Flag_of_Belarus.svg/25px-Flag_of_Belarus.svg.png,771.0,0.0001531,0.0039,70,69
Bosnia And Herzegovina,3798671.0,64641000000.0,289920000.0,2355176.0,18000.0,8000.0,2100.0,26000.0,0.0,15.0,0.0,0.0,0.0,15.0,0.0,0.0,0.0,0.0,0.0,0.0,0.0,0.0,0.0,0.0,0.0,0.0,0.0,45.0,0.0,300.0,24.0,5359000000.0,3.1291,Non-Aligned,Europe,Southern Europe,https://upload.wikimedia.org/wikipedia/commons/thumb/b/b3/Flag_of_Bosnia_And_Herzegovina.svg/25px-Flag_of_Bosnia_And_Herzegovina.svg.png,60.0,2.55e-05,0.00449,133,132
Iceland,364036.0,26561000000.0,500000000.0,83728.0,0.0,0.0,0.0,0.0,0.0,0.0,0.0,0.0,0.0,0.0,0.0,0.0,0.0,0.0,0.0,0.0,0.0,0.0,0.0,0.0,0.0,0.0,0.0,0.0,0.0,0.0,0.0,24200000000.0,3.4013,NATO,Europe,Northern Europe,https://upload.wikimedia.org/wikipedia/commons/thumb/b/b3/Flag_of_Iceland.svg/25px-Flag_of_Iceland.svg.png,0.0,0.0,0.01882,134,133
Kazakhstan,20260006.0,739385000000.0,5836386000.0,9117003.0,110000.0,135000.0,12000.0,80000.0,3000.0,168.0,13.0,37.0,21.0,72.0,0.0,25.0,12.0,0.0,26.0,0.0,0.0,0.0,0.0,0.0,0.0,23.0,2.0,353.0,126.0,194.0,287.0,25765000000.0,1.0433,Non-Aligned,Asia,Central Asia,https://upload.wikimedia.org/wikipedia/commons/thumb/b/b3/Flag_of_Kazakhstan.svg/25px-Flag_of_Kazakhstan.svg.png,547.0,6e-05,0.00789,58,57
North Korea,26298666.0,15416000000.0,4750000000.0,9467520.0,1320000.0,560000.0,110000.0,1370000.0,60000.0,837.0,114.0,341.0,1.0,205.0,0.0,176.0,20.0,0.0,332.0,0.0,0.0,2.0,2.0,8.0,24.0,227.0,1.0,4895.0,1300.0,700.0,1500.0,6050000000.0,0.5933,Non-Aligned,Asia,Eastern Asia,https://upload.wikimedia.org/wikipedia/commons/thumb/b/b3/Flag_of_North_Korea.svg/25px-Flag_of_North_Korea.svg.png,6064.0,0.0006405,0.30812,31,30
Latvia,1801246.0,72516000000.0,42000000.0,810561.0,17870.0,38000.0,250.0,55870.0,1000.0,3.0,0.0,0.0,0.0,3.0,0.0,0.0,0.0,0.0,18.0,0.0,0.0,0.0,0.0,0.0,0.0,11.0,6.0,0.0,47.0,0.0,0.0,48598440000.0,2.2316,NATO,Europe,Northern Europe,https://upload.wikimedia.org/wikipedia/commons/thumb/b/b3/Flag_of_Latvia.svg/25px-Flag_of_Latvia.svg.png,21.0,2.59e-05,0.00058,102,101
Eritrea,6343956.0,2534000000.0,219000000.0,2220385.0,350000.0,680000.0,250.0,275000.0,1100.0,20.0,0.0,1.0,5.0,13.0,0.0,1.0,6.0,0.0,23.0,0.0,0.0,0.0,0.0,0.0,0.0,18.0,0.0,148.0,45.0,89.0,44.0,461376000.0,2.6841,Non-Aligned,Africa,Sub-Saharan Africa,https://upload.wikimedia.org/wikipedia/commons/thumb/b/b3/Flag_of_Eritrea.svg/25px-Flag_of_Eritrea.svg.png,191.0,8.6e-05,0.08642,119,118
Azerbaijan,10650239.0,225198000000.0,5100000000.0,5218617.0,128000.0,306000.0,15000.0,110000.0,3000.0,159.0,20.0,12.0,4.0,87.0,0.0,36.0,16.0,0.0,32.0,0.0,0.0,0.0,0.0,0.0,4.0,17.0,4.0,1354.0,135.0,651.0,696.0,12378000000.0,1.1991,Non-Aligned,Middle East,Western Asia (Middle East),https://upload.wikimedia.org/wikipedia/commons/thumb/b/b3/Flag_of_Azerbaijan.svg/25px-Flag_of_Azerbaijan.svg.png,1545.0,0.0002961,0.02265,60,59
Bhutan,884546.0,11517000000.0,26600000.0,203446.0,16000.0,50000.0,0.0,66000.0,0.0,2.0,0.0,0.0,0.0,2.0,0.0,0.0,0.0,0.0,0.0,0.0,0.0,0.0,0.0,0.0,0.0,0.0,0.0,0.0,0.0,0.0,0.0,2827000000.0,5.7991,Non-Aligned,Asia,Southern Asia,https://upload.wikimedia.org/wikipedia/commons/thumb/b/b3/Flag_of_Bhutan.svg/25px-Flag_of_Bhutan.svg.png,2.0,9.8e-06,0.00231,145,144
Sudan,50467278.0,94420000000.0,394700000.0,26747657.0,300000.0,200000.0,13000.0,485500.0,2000.0,183.0,36.0,37.0,13.0,64.0,0.0,33.0,35.0,0.0,10.0,0.0,0.0,0.0,0.0,0.0,0.0,10.0,0.0,1055.0,100.0,1150.0,800.0,21650000000.0,1.3563,Non-Aligned,Africa,Sub-Saharan Africa,https://upload.wikimedia.org/wikipedia/commons/thumb/b/b3/Flag_of_Sudan.svg/25px-Flag_of_Sudan.svg.png,1248.0,4.67e-05,0.00418,66,65
Mongolia,3281676.0,59221000000.0,1590000000.0,1870555.0,35000.0,230000.0,1500.0,35000.0,0.0,8.0,0.0,0.0,3.0,3.0,0.0,2.0,0.0,0.0,0.0,0.0,0.0,0.0,0.0,0.0,0.0,0.0,0.0,420.0,0.0,500.0,130.0,8379000000.0,1.9987,Non-Aligned,Asia,Eastern Asia,https://upload.wikimedia.org/wikipedia/commons/thumb/b/b3/Flag_of_Mongolia.svg/25px-Flag_of_Mongolia.svg.png,428.0,0.0002288,0.02685,93,92
Bangladesh,168697184.0,1473000000000.0,3340000000.0,82661620.0,204000.0,0.0,19000.0,173408.0,22000.0,212.0,0.0,41.0,17.0,67.0,4.0,83.0,0.0,0.0,121.0,0.0,0.0,0.0,7.0,6.0,2.0,61.0,5.0,320.0,36.0,487.0,103.0,58020000000.0,0.6517,Non-Aligned,Asia,Southern Asia,https://upload.wikimedia.org/wikipedia/commons/thumb/b/b3/Flag_of_Bangladesh.svg/25px-Flag_of_Bangladesh.svg.png,653.0,7.9e-06,0.00227,37,36
Japan,123201945.0,5715000000000.0,58000000000.0,52976836.0,251500.0,56000.0,50000.0,206700.0,50800.0,1429.0,47.0,217.0,53.0,583.0,135.0,399.0,118.0,10.0,158.0,0.0,4.0,41.0,8.0,0.0,23.0,6.0,18.0,734.0,193.0,480.0,99.0,5147667910000.0,0.1876,Non-Aligned,Asia,Eastern Asia,https://upload.wikimedia.org/wikipedia/commons/thumb/b/b3/Flag_of_Japan.svg/25px-Flag_of_Japan.svg.png,2321.0,4.38e-05,0.01015,7,6
Malaysia,34564810.0,1212000000000.0,5100000000.0,16245461.0,113000.0,51600.0,15000.0,130000.0,18000.0,132.0,11.0,25.0,15.0,45.0,6.0,31.0,0.0,4.0,100.0,0.0,0.0,0.0,2.0,4.0,2.0,72.0,4.0,48.0,0.0,196.0,36.0,8748000000.0,0.7379,Non-Aligned,Asia,South-East Asia,https://upload.wikimedia.org/wikipedia/commons/thumb/b/b3/Flag_of_Malaysia.svg/25px-Flag_of_Malaysia.svg.png,280.0,1.72e-05,0.00421,42,41
Moldova,3599528.0,39342000000.0,114114000.0,2159717.0,6500.0,2000.0,700.0,4000.0,0.0,3.0,0.0,0.0,1.0,2.0,0.0,0.0,0.0,0.0,0.0,0.0,0.0,0.0,0.0,0.0,0.0,0.0,0.0,0.0,4.0,67.0,11.0,2637000000.0,3.6225,Non-Aligned,Europe,Eastern Europe,https://upload.wikimedia.org/wikipedia/commons/thumb/b/b3/Flag_of_Moldova.svg/25px-Flag_of_Moldova.svg.png,3.0,1.4e-06,0.0029,136,135
Indonesia,281562465.0,4102000000000.0,11155297716.0,137965608.0,404500.0,401000.0,30100.0,300400.0,66034.0,460.0,34.0,41.0,73.0,212.0,15.0,114.0,15.0,1.0,338.0,0.0,0.0,0.0,10.0,26.0,4.0,211.0,10.0,331.0,153.0,396.0,67.0,225273000000.0,0.2582,Non-Aligned,Asia,South-East Asia,https://upload.wikimedia.org/wikipedia/commons/thumb/b/b3/Flag_of_Indonesia.svg/25px-Flag_of_Indonesia.svg.png,1129.0,8.2e-06,0.00272,13,12
Chile,18664652.0,596556000000.0,6800000000.0,8959033.0,80000.0,40000.0,7645.0,80000.0,25000.0,274.0,0.0,45.0,33.0,86.0,18.0,92.0,0.0,5.0,130.0,0.0,0.0,0.0,8.0,0.0,4.0,40.0,0.0,386.0,48.0,249.0,9.0,235950000000.0,0.8704,Non-Aligned,Americas,South America,https://upload.wikimedia.org/wikipedia/commons/thumb/b/b3/Flag_of_Chile.svg/25px-Flag_of_Chile.svg.png,790.0,8.82e-05,0.0114,49,48
Sri Lanka,21982608.0,301407000000.0,1500000000.0,10551652.0,346000.0,90000.0,26000.0,150000.0,40000.0,90.0,0.0,6.0,15.0,49.0,3.0,7.0,8.0,0.0,275.0,0.0,0.0,0.0,5.0,0.0,0.0,259.0,0.0,87.0,0.0,96.0,28.0,42198000000.0,1.3822,Non-Aligned,Asia,Southern Asia,https://upload.wikimedia.org/wikipedia/commons/thumb/b/b3/Flag_of_Sri_Lanka.svg/25px-Flag_of_Sri_Lanka.svg.png,452.0,4.28e-05,0.00498,68,67
Sweden,10589835.0,668628000000.0,15900000000.0,4235934.0,25600.0,34000.0,8255.0,15300.0,2100.0,172.0,0.0,73.0,6.0,53.0,3.0,36.0,0.0,1.0,279.0,0.0,0.0,0.0,0.0,7.0,4.0,116.0,8.0,110.0,24.0,0.0,0.0,1102693570000.0,0.4834,NATO,Europe,Northern Europe,https://upload.wikimedia.org/wikipedia/commons/thumb/b/b3/Flag_of_Sweden.svg/25px-Flag_of_Sweden.svg.png,561.0,0.0001324,0.02378,26,25
Armenia,2976765.0,60909000000.0,1480000000.0,1666988.0,65000.0,210000.0,5000.0,65000.0,0.0,69.0,14.0,4.0,3.0,36.0,0.0,12.0,20.0,0.0,0.0,0.0,0.0,0.0,0.0,0.0,0.0,0.0,0.0,109.0,104.0,193.0,100.0,6002000000.0,2.2016,Non-Aligned,Middle East,Western Asia (Middle East),https://upload.wikimedia.org/wikipedia/commons/thumb/b/b3/Flag_of_Armenia.svg/25px-Flag_of_Armenia.svg.png,178.0,0.0001068,0.0243,101,100
Niger,26342784.0,47921000000.0,488400000.0,7902835.0,25000.0,0.0,1250.0,10000.0,0.0,26.0,2.0,0.0,7.0,13.0,2.0,0.0,2.0,0.0,0.0,0.0,0.0,0.0,0.0,0.0,0.0,0.0,0.0,0.0,0.0,0.0,0.0,3793000000.0,2.6867,Non-Aligned,Africa,Sub-Saharan Africa,https://upload.wikimedia.org/wikipedia/commons/thumb/b/b3/Flag_of_Niger.svg/25px-Flag_of_Niger.svg.png,26.0,3.3e-06,0.01019,120,119
Russia,140820810.0,6089000000000.0,212638272000.0,69002197.0,1320000.0,2000000.0,203376.0,600000.0,160000.0,4237.0,698.0,861.0,458.0,1643.0,137.0,530.0,556.0,18.0,747.0,1.0,0.0,13.0,12.0,79.0,66.0,70.0,45.0,5630.0,3603.0,5920.0,2486.0,226475750000.0,0.0791,Non-Aligned,Europe,Eastern Europe,https://upload.wikimedia.org/wikipedia/commons/thumb/b/b3/Flag_of_Russia.svg/25px-Flag_of_Russia.svg.png,10614.0,0.0001538,0.03492,2,1
Argentina,46994384.0,1213000000000.0,993919790.0,20677529.0,108000.0,12370.0,14000.0,108000.0,18370.0,241.0,11.0,23.0,25.0,96.0,13.0,71.0,0.0,2.0,42.0,0.0,0.0,3.0,0.0,6.0,2.0,13.0,0.0,362.0,20.0,172.0,27.0,74362000000.0,0.5983,Non-Aligned,Americas,South America,https://upload.wikimedia.org/wikipedia/commons/thumb/b/b3/Flag_of_Argentina.svg/25px-Flag_of_Argentina.svg.png,645.0,3.12e-05,0.00082,32,31
Peru,32600249.0,535911000000.0,2552000000.0,15648120.0,120000.0,386000.0,12100.0,92500.0,26000.0,252.0,22.0,15.0,39.0,112.0,12.0,68.0,16.0,0.0,78.0,0.0,0.0,0.0,7.0,8.0,6.0,13.0,0.0,355.0,12.0,290.0,61.0,38102000000.0,0.8827,Non-Aligned,Americas,South America,https://upload.wikimedia.org/wikipedia/commons/thumb/b/b3/Flag_of_Peru.svg/25px-Flag_of_Peru.svg.png,685.0,4.38e-05,0.00476,50,49
Angola,37202061.0,278239000000.0,31200000000.0,7440412.0,107000.0,0.0,6000.0,100000.0,1500.0,278.0,6.0,67.0,32.0,115.0,2.0,56.0,14.0,0.0,32.0,0.0,0.0,0.0,0.0,0.0,0.0,32.0,0.0,319.0,25.0,575.0,116.0,45299000000.0,1.1045,Non-Aligned,Africa,Sub-Saharan Africa,https://upload.wikimedia.org/wikipedia/commons/thumb/b/b3/Flag_of_Angola.svg/25px-Flag_of_Angola.svg.png,629.0,8.45e-05,0.11213,59,58
Beliz,415789.0,5538000000.0,34400000.0,158000.0,2000.0,850.0,60.0,2850.0,0.0,3.0,0.0,0.0,1.0,1.0,1.0,0.0,0.0,0.0,15.0,0.0,0.0,0.0,0.0,0.0,0.0,15.0,0.0,0.0,0.0,0.0,0.0,1235000000.0,4.3602,Non-Aligned,Other,Other Subregion,https://upload.wikimedia.org/wikipedia/commons/thumb/b/b3/Flag_of_Beliz.svg/25px-Flag_of_Beliz.svg.png,18.0,0.0001139,0.00621,144,143
United Arab Emirates,10032213.0,745994000000.0,23480000000.0,5818684.0,65000.0,130000.0,7000.0,44000.0,3000.0,581.0,40.0,99.0,35.0,250.0,27.0,151.0,30.0,5.0,84.0,0.0,0.0,0.0,0.0,11.0,0.0,34.0,2.0,354.0,165.0,99.0,49.0,290400000000.0,1.0188,Non-Aligned,Other,Other Subregion,https://upload.wikimedia.org/wikipedia/commons/thumb/b/b3/Flag_of_United_Arab_Emirates.svg/25px-Flag_of_United_Arab_Emirates.svg.png,1019.0,0.0001751,0.03147,54,53
Hungary,9855745.0,389207000000.0,5887250000.0,4632200.0,41600.0,20000.0,5750.0,32000.0,0.0,80.0,0.0,12.0,3.0,50.0,0.0,17.0,8.0,0.0,0.0,0.0,0.0,0.0,0.0,0.0,0.0,0.0,0.0,220.0,24.0,295.0,0.0,151250000000.0,1.0429,NATO,Europe,Eastern Europe,https://upload.wikimedia.org/wikipedia/commons/thumb/b/b3/Flag_of_Hungary.svg/25px-Flag_of_Hungary.svg.png,300.0,6.48e-05,0.01513,57,56
Chad,19093595.0,52895000000.0,706800000.0,6873694.0,37750.0,0.0,350.0,37750.0,0.0,40.0,7.0,0.0,7.0,16.0,2.0,8.0,3.0,0.0,0.0,0.0,0.0,0.0,0.0,0.0,0.0,0.0,0.0,90.0,10.0,13.0,16.0,2286000000.0,1.8594,Non-Aligned,Africa,Sub-Saharan Africa,https://upload.wikimedia.org/wikipedia/commons/thumb/b/b3/Flag_of_Chad.svg/25px-Flag_of_Chad.svg.png,130.0,1.89e-05,0.01336,85,84
Republic Of The Congo,6097665.0,39147000000.0,933360000.0,2256136.0,10000.0,0.0,675.0,9325.0,0.0,14.0,0.0,2.0,4.0,8.0,0.0,0.0,1.0,0.0,4.0,0.0,0.0,0.0,0.0,0.0,0.0,0.0,0.0,61.0,3.0,38.0,30.0,6360000000.0,2.6259,Non-Aligned,Africa,Sub-Saharan Africa,https://upload.wikimedia.org/wikipedia/commons/thumb/b/b3/Flag_of_Republic_Of_The_Congo.svg/25px-Flag_of_Republic_Of_The_Congo.svg.png,79.0,3.5e-05,0.02384,117,116
Lebanon,5364482.0,65415000000.0,800000000.0,2092148.0,80000.0,15000.0,2500.0,99000.0,1500.0,80.0,9.0,0.0,0.0,68.0,0.0,9.0,0.0,0.0,48.0,0.0,0.0,0.0,0.0,0.0,0.0,42.0,0.0,334.0,12.0,350.0,11.0,41619000000.0,2.6521,Non-Aligned,Middle East,Western Asia (Middle East),https://upload.wikimedia.org/wikipedia/commons/thumb/b/b3/Flag_of_Lebanon.svg/25px-Flag_of_Lebanon.svg.png,462.0,0.0002208,0.01223,118,117
Israel,9402617.0,472177000000.0,34600000000.0,3949099.0,169500.0,465000.0,89000.0,526000.0,19500.0,597.0,45.0,239.0,14.0,127.0,19.0,148.0,48.0,13.0,82.0,0.0,0.0,0.0,0.0,7.0,6.0,66.0,0.0,1300.0,323.0,171.0,228.0,163350000000.0,0.2707,Non-Aligned,Middle East,Western Asia (Middle East),https://upload.wikimedia.org/wikipedia/commons/thumb/b/b3/Flag_of_Israel.svg/25px-Flag_of_Israel.svg.png,1979.0,0.0005011,0.07328,15,14
Qatar,2552088.0,317064000000.0,11950000000.0,638022.0,26550.0,4000.0,2000.0,12500.0,2500.0,263.0,6.0,115.0,12.0,85.0,0.0,45.0,24.0,0.0,125.0,0.0,0.0,0.0,0.0,4.0,0.0,107.0,0.0,62.0,46.0,12.0,16.0,205700000000.0,1.4096,Non-Aligned,Middle East,Western Asia (Middle East),https://upload.wikimedia.org/wikipedia/commons/thumb/b/b3/Flag_of_Qatar.svg/25px-Flag_of_Qatar.svg.png,450.0,0.0007053,0.03769,71,70
Oman,3901992.0,193591000000.0,8364000000.0,1482757.0,100000.0,0.0,6145.0,100000.0,4200.0,128.0,10.0,29.0,9.0,31.0,4.0,45.0,0.0,0.0,17.0,0.0,0.0,0.0,0.0,5.0,0.0,8.0,0.0,264.0,24.0,144.0,0.0,55986700000.0,1.8823,Non-Aligned,Middle East,Western Asia (Middle East),https://upload.wikimedia.org/wikipedia/commons/thumb/b/b3/Flag_of_Oman.svg/25px-Flag_of_Oman.svg.png,409.0,0.0002758,0.0432,86,85
Austria,8967982.0,581131000000.0,6103900800.0,4035592.0,25000.0,125600.0,4300.0,141000.0,0.0,90.0,0.0,15.0,11.0,41.0,0.0,23.0,0.0,0.0,0.0,0.0,0.0,0.0,0.0,0.0,0.0,0.0,0.0,56.0,30.0,0.0,0.0,693000000000.0,1.3759,Non-Aligned,Europe,Western Europe,https://upload.wikimedia.org/wikipedia/commons/thumb/b/b3/Flag_of_Austria.svg/25px-Flag_of_Austria.svg.png,146.0,3.62e-05,0.0105,67,66
Brazil,220051512.0,4165000000000.0,26400000000.0,112226271.0,376000.0,1340000.0,81000.0,1212217.0,80505.0,495.0,30.0,44.0,107.0,186.0,25.0,124.0,0.0,0.0,69.0,0.0,1.0,0.0,8.0,2.0,6.0,22.0,4.0,294.0,149.0,412.0,82.0,198582000000.0,0.2374,Non-Aligned,Americas,South America,https://upload.wikimedia.org/wikipedia/commons/thumb/b/b3/Flag_of_Brazil.svg/25px-Flag_of_Brazil.svg.png,858.0,7.6e-06,0.00634,11,10
Zambia,20799116.0,79207000000.0,385321000.0,7279691.0,15150.0,0.0,3745.0,13250.0,0.0,78.0,0.0,0.0,13.0,33.0,0.0,34.0,0.0,0.0,0.0,0.0,0.0,0.0,0.0,0.0,0.0,0.0,0.0,75.0,12.0,60.0,50.0,16597000000.0,2.4461,Non-Aligned,Africa,Sub-Saharan Africa,https://upload.wikimedia.org/wikipedia/commons/thumb/b/b3/Flag_of_Zambia.svg/25px-Flag_of_Zambia.svg.png,153.0,2.1e-05,0.00486,111,110
Turkmenistan,5744151.0,134555000000.0,1463000000.0,2768681.0,36500.0,0.0,3000.0,42760.0,2000.0,91.0,27.0,22.0,5.0,26.0,0.0,11.0,10.0,0.0,16.0,0.0,0.0,0.0,0.0,0.0,0.0,16.0,0.0,654.0,73.0,457.0,164.0,3696000000.0,1.7459,Non-Aligned,Asia,Central Asia,https://upload.wikimedia.org/wikipedia/commons/thumb/b/b3/Flag_of_Turkmenistan.svg/25px-Flag_of_Turkmenistan.svg.png,761.0,0.0002749,0.01087,78,77
Spain,47280433.0,2361000000000.0,39000676350.0,21748999.0,121802.0,24033.0,23000.0,85978.0,20840.0,440.0,12.0,136.0,51.0,169.0,8.0,108.0,17.0,0.0,175.0,1.0,0.0,0.0,11.0,0.0,2.0,112.0,6.0,298.0,96.0,188.0,0.0,2830012130000.0,0.3247,NATO,Europe,Southern Europe,https://upload.wikimedia.org/wikipedia/commons/thumb/b/b3/Flag_of_Spain.svg/25px-Flag_of_Spain.svg.png,913.0,4.2e-05,0.01652,18,17
Ivory Coast,29981758.0,215018000000.0,18200000.0,12292521.0,22000.0,0.0,460.0,22000.0,1000.0,22.0,0.0,0.0,3.0,14.0,3.0,2.0,5.0,0.0,8.0,0.0,0.0,0.0,0.0,0.0,0.0,7.0,0.0,0.0,0.0,4.0,6.0,26576000000.0,2.3884,Non-Aligned,Africa,Sub-Saharan Africa,https://upload.wikimedia.org/wikipedia/commons/thumb/b/b3/Flag_of_Ivory_Coast.svg/25px-Flag_of_Ivory_Coast.svg.png,30.0,2.4e-06,8e-05,108,107
Turkey,84119531.0,3018000000000.0,51400000000.0,42985080.0,481000.0,380000.0,52850.0,401500.0,100000.0,1101.0,0.0,201.0,84.0,509.0,27.0,301.0,111.0,7.0,192.0,0.0,1.0,0.0,17.0,9.0,14.0,40.0,11.0,2284.0,1045.0,635.0,237.0,149654000000.0,0.1975,Non-Aligned,Other,Other Subregion,https://upload.wikimedia.org/wikipedia/commons/thumb/b/b3/Flag_of_Turkey.svg/25px-Flag_of_Turkey.svg.png,3577.0,8.32e-05,0.01703,9,8
Jordan,11174024.0,109986000000.0,2668500000.0,3463947.0,114500.0,100000.0,14000.0,146000.0,5500.0,279.0,10.0,44.0,12.0,159.0,11.0,66.0,44.0,0.0,27.0,0.0,0.0,0.0,0.0,0.0,0.0,27.0,0.0,1508.0,478.0,80.0,84.0,21058000000.0,1.5581,Non-Aligned,Middle East,Western Asia (Middle East),https://upload.wikimedia.org/wikipedia/commons/thumb/b/b3/Flag_of_Jordan.svg/25px-Flag_of_Jordan.svg.png,1814.0,0.0005237,0.02426,74,73
Laos,7953556.0,66905000000.0,355600000.0,3499565.0,100000.0,30000.0,500.0,130000.0,2000.0,29.0,0.0,0.0,2.0,20.0,0.0,7.0,0.0,0.0,0.0,0.0,0.0,0.0,0.0,0.0,0.0,0.0,0.0,160.0,50.0,97.0,64.0,9619000000.0,2.8672,Non-Aligned,Asia,South-East Asia,https://upload.wikimedia.org/wikipedia/commons/thumb/b/b3/Flag_of_Laos.svg/25px-Flag_of_Laos.svg.png,189.0,5.4e-05,0.00531,125,124
Belgium,11977634.0,749229000000.0,14900000000.0,4910830.0,26390.0,6600.0,5700.0,11547.0,1355.0,104.0,12.0,44.0,7.0,14.0,0.0,27.0,0.0,0.0,9.0,0.0,0.0,0.0,2.0,0.0,0.0,2.0,5.0,0.0,0.0,0.0,0.0,1594190730000.0,1.2201,NATO,Europe,Western Europe,https://upload.wikimedia.org/wikipedia/commons/thumb/b/b3/Flag_of_Belgium.svg/25px-Flag_of_Belgium.svg.png,113.0,2.3e-05,0.01989,61,60
Switzerland,8860574.0,741035000000.0,8372658426.0,3898653.0,147178.0,0.0,20000.0,127178.0,0.0,141.0,0.0,40.0,16.0,39.0,3.0,43.0,0.0,0.0,0.0,0.0,0.0,0.0,0.0,0.0,0.0,0.0,0.0,134.0,133.0,0.0,0.0,2420000000000.0,0.8396,Non-Aligned,Europe,Western Europe,https://upload.wikimedia.org/wikipedia/commons/thumb/b/b3/Flag_of_Switzerland.svg/25px-Flag_of_Switzerland.svg.png,275.0,7.05e-05,0.0113,46,45
Nepal,31122387.0,149643000000.0,431355326.0,15249970.0,98500.0,82000.0,1000.0,97500.0,0.0,17.0,0.0,0.0,7.0,10.0,0.0,0.0,0.0,0.0,0.0,0.0,0.0,0.0,0.0,0.0,0.0,0.0,0.0,0.0,0.0,14.0,0.0,5719000000.0,2.8037,Non-Aligned,Asia,Southern Asia,https://upload.wikimedia.org/wikipedia/commons/thumb/b/b3/Flag_of_Nepal.svg/25px-Flag_of_Nepal.svg.png,17.0,1.1e-06,0.00288,124,123
Bahrain,1566888.0,93937000000.0,997015509.0,846120.0,18400.0,110000.0,1500.0,130000.0,700.0,137.0,0.0,28.0,3.0,66.0,0.0,40.0,34.0,0.0,64.0,0.0,0.0,0.0,2.0,2.0,0.0,50.0,0.0,150.0,38.0,26.0,18.0,54450000000.0,1.6731,Non-Aligned,Middle East,Western Asia (Middle East),https://upload.wikimedia.org/wikipedia/commons/thumb/b/b3/Flag_of_Bahrain.svg/25px-Flag_of_Bahrain.svg.png,351.0,0.0004148,0.01061,75,74
Slovenia,2097893.0,103118000000.0,1782000000.0,1006989.0,7000.0,26000.0,615.0,32035.0,350.0,40.0,0.0,0.0,5.0,16.0,0.0,23.0,0.0,0.0,3.0,0.0,0.0,0.0,0.0,0.0,0.0,3.0,0.0,54.0,17.0,18.0,0.0,60500000000.0,1.9404,NATO,Europe,Southern Europe,https://upload.wikimedia.org/wikipedia/commons/thumb/b/b3/Flag_of_Slovenia.svg/25px-Flag_of_Slovenia.svg.png,97.0,9.63e-05,0.01728,91,90
Venezuela,31250306.0,110943000000.0,6060000000.0,15625153.0,109000.0,8000.0,10755.0,300745.0,25500.0,224.0,0.0,30.0,47.0,85.0,3.0,75.0,10.0,1.0,41.0,0.0,0.0,0.0,1.0,0.0,3.0,26.0,0.0,282.0,60.0,92.0,56.0,121363000000.0,0.9106,Non-Aligned,Americas,South America,https://upload.wikimedia.org/wikipedia/commons/thumb/b/b3/Flag_of_Venezuela.svg/25px-Flag_of_Venezuela.svg.png,547.0,3.5e-05,0.05462,51,50
Uruguay,3425330.0,108502000000.0,1903440000.0,1575652.0,24000.0,0.0,2850.0,15450.0,5700.0,43.0,6.0,0.0,6.0,12.0,5.0,12.0,0.0,2.0,16.0,0.0,0.0,0.0,0.0,0.0,0.0,5.0,2.0,62.0,16.0,83.0,4.0,54450000000.0,2.1537,Non-Aligned,Americas,South America,https://upload.wikimedia.org/wikipedia/commons/thumb/b/b3/Flag_of_Uruguay.svg/25px-Flag_of_Uruguay.svg.png,121.0,7.68e-05,0.01754,97,96
Norway,5509733.0,507680000000.0,11189483200.0,2203893.0,33440.0,20100.0,3650.0,8735.0,4010.0,109.0,43.0,0.0,4.0,34.0,5.0,23.0,0.0,0.0,48.0,0.0,0.0,0.0,4.0,6.0,6.0,20.0,5.0,36.0,28.0,0.0,0.0,787758400000.0,0.6679,NATO,Europe,Northern Europe,https://upload.wikimedia.org/wikipedia/commons/thumb/b/b3/Flag_of_Norway.svg/25px-Flag_of_Norway.svg.png,193.0,8.76e-05,0.02204,39,38
Afghanistan,40121552.0,82238000000.0,145000000.0,15647405.0,75000.0,0.0,0.0,165000.0,0.0,5.0,0.0,0.0,2.0,3.0,0.0,0.0,0.0,0.0,0.0,0.0,0.0,0.0,0.0,0.0,0.0,0.0,0.0,0.0,0.0,0.0,0.0,1929750000.0,2.7342,Non-Aligned,Asia,Southern Asia,https://upload.wikimedia.org/wikipedia/commons/thumb/b/b3/Flag_of_Afghanistan.svg/25px-Flag_of_Afghanistan.svg.png,5.0,3e-07,0.00176,121,120
Bulgaria,6782659.0,219645000000.0,2485350000.0,3187850.0,36950.0,3000.0,8500.0,39950.0,4450.0,71.0,5.0,11.0,6.0,23.0,0.0,26.0,4.0,0.0,45.0,0.0,0.0,0.0,6.0,3.0,0.0,0.0,17.0,334.0,48.0,24.0,24.0,14277000000.0,1.2522,NATO,Europe,Eastern Europe,https://upload.wikimedia.org/wikipedia/commons/thumb/b/b3/Flag_of_Bulgaria.svg/25px-Flag_of_Bulgaria.svg.png,450.0,0.0001412,0.01132,62,61
Kyrgyzstan,6172101.0,50907000000.0,654000000.0,3147772.0,23000.0,0.0,500.0,20000.0,0.0,7.0,0.0,0.0,0.0,7.0,0.0,0.0,2.0,0.0,0.0,0.0,0.0,0.0,0.0,0.0,0.0,0.0,0.0,215.0,30.0,174.0,21.0,3617000000.0,2.3969,Non-Aligned,Asia,Central Asia,https://upload.wikimedia.org/wikipedia/commons/thumb/b/b3/Flag_of_Kyrgyzstan.svg/25px-Flag_of_Kyrgyzstan.svg.png,222.0,7.05e-05,0.01285,109,108
Luxembourg,671254.0,86871000000.0,1530685000.0,154388.0,1200.0,0.0,0.0,1200.0,0.0,1.0,0.0,0.0,1.0,0.0,0.0,0.0,0.0,0.0,0.0,0.0,0.0,0.0,0.0,0.0,0.0,0.0,0.0,0.0,0.0,0.0,0.0,5203000000000.0,2.4429,NATO,Europe,Western Europe,https://upload.wikimedia.org/wikipedia/commons/thumb/b/b3/Flag_of_Luxembourg.svg/25px-Flag_of_Luxembourg.svg.png,1.0,6.5e-06,0.01762,110,109
Nigeria,236747130.0,1318000000000.0,3900000000.0,125475979.0,230000.0,0.0,18000.0,1960000.0,11000.0,159.0,24.0,14.0,12.0,69.0,12.0,28.0,15.0,0.0,152.0,0.0,0.0,0.0,1.0,0.0,0.0,132.0,2.0,330.0,40.0,339.0,37.0,45009000000.0,0.6097,Non-Aligned,Africa,Sub-Saharan Africa,https://upload.wikimedia.org/wikipedia/commons/thumb/b/b3/Flag_of_Nigeria.svg/25px-Flag_of_Nigeria.svg.png,641.0,5.1e-06,0.00296,33,32
Pakistan,252363571.0,1390000000000.0,9102115350.0,108516336.0,660000.0,550000.0,78000.0,1311500.0,57500.0,1397.0,90.0,331.0,63.0,379.0,27.0,563.0,55.0,4.0,120.0,0.0,0.0,0.0,9.0,6.0,8.0,79.0,3.0,2677.0,662.0,2629.0,652.0,89148000000.0,0.2626,Non-Aligned,Asia,Southern Asia,https://upload.wikimedia.org/wikipedia/commons/thumb/b/b3/Flag_of_Pakistan.svg/25px-Flag_of_Pakistan.svg.png,4194.0,3.86e-05,0.00655,14,13
Myanmar,57527139.0,287559000000.0,2815031361.0,30489384.0,228000.0,19000.0,25000.0,255000.0,30000.0,331.0,20.0,70.0,33.0,86.0,5.0,120.0,9.0,0.0,239.0,0.0,0.0,0.0,6.0,3.0,3.0,146.0,2.0,1040.0,225.0,1680.0,1520.0,8748000000.0,0.6265,Non-Aligned,Asia,South-East Asia,https://upload.wikimedia.org/wikipedia/commons/thumb/b/b3/Flag_of_Myanmar.svg/25px-Flag_of_Myanmar.svg.png,1610.0,5.28e-05,0.00979,35,34
Estonia,1193791.0,57001000000.0,2375000000.0,584958.0,7700.0,230000.0,400.0,44000.0,550.0,2.0,0.0,0.0,2.0,0.0,0.0,0.0,0.0,0.0,8.0,0.0,0.0,0.0,0.0,0.0,0.0,4.0,4.0,0.0,48.0,0.0,6.0,29040000000.0,2.3201,NATO,Europe,Northern Europe,https://upload.wikimedia.org/wikipedia/commons/thumb/b/b3/Flag_of_Estonia.svg/25px-Flag_of_Estonia.svg.png,10.0,1.71e-05,0.04167,106,105
Cambodia,17063669.0,123676000000.0,750000000.0,8190561.0,124300.0,0.0,1500.0,75000.0,2800.0,24.0,0.0,0.0,4.0,20.0,0.0,0.0,0.0,0.0,20.0,0.0,0.0,0.0,0.0,0.0,0.0,20.0,0.0,520.0,30.0,525.0,521.0,8019000000.0,1.8434,Non-Aligned,Asia,South-East Asia,https://upload.wikimedia.org/wikipedia/commons/thumb/b/b3/Flag_of_Cambodia.svg/25px-Flag_of_Cambodia.svg.png,564.0,6.89e-05,0.00606,83,82
Iran,88386937.0,1486000000000.0,9230000000.0,49496685.0,610000.0,350000.0,37000.0,350000.0,20000.0,551.0,21.0,188.0,86.0,129.0,10.0,103.0,13.0,6.0,109.0,0.0,0.0,0.0,7.0,3.0,25.0,21.0,1.0,2675.0,424.0,1803.0,1550.0,6759000000.0,0.3199,Non-Aligned,Middle East,Western Asia (Middle East),https://upload.wikimedia.org/wikipedia/commons/thumb/b/b3/Flag_of_Iran.svg/25px-Flag_of_Iran.svg.png,3335.0,6.74e-05,0.00621,16,15
Ethiopia,118550298.0,380895000000.0,3720968976.0,56904143.0,503000.0,138000.0,5000.0,626000.0,11500.0,104.0,0.0,25.0,9.0,33.0,0.0,34.0,7.0,0.0,0.0,0.0,0.0,0.0,0.0,0.0,0.0,0.0,0.0,338.0,142.0,469.0,79.0,25426000000.0,0.8525,Non-Aligned,Africa,Sub-Saharan Africa,https://upload.wikimedia.org/wikipedia/commons/thumb/b/b3/Flag_of_Ethiopia.svg/25px-Flag_of_Ethiopia.svg.png,442.0,7.8e-06,0.00977,47,46
