country,gdp,defense_budget,total_manpower,active_personnel,reserve_personnel,air_force_personnel,army_personnel,navy_personnel,total_aircraft,attack_aircraft,fighter_aircraft,transport_aircraft,helicopters,special_mission_aircraft,trainer_aircraft,attack_helicopters,tanker_aircraft,naval_assets,aircraft_carriers,helicopter_carriers,destroyers,frigates,corvettes,submarines,patrol_vessel,mine_warfare,tanks,vehicles,self_propelled_artillery,towed_artillery,rocket_artillery,external_debt,power_index
Venezuela,"$110,943,000,000 USD","$6,060,000,000 USD","15,625,153","109,000","8,000","10,755","300,745","25,500","Stock: 224			
Readiness: 123*","Stock: 0 (0.0%)

Readiness: 0*","Stock: 30 (13.4%)

Readiness: 17*","Stock: 47 (21.0%)

Readiness: 26*","Stock: 85 (37.9%)

Readiness: 47*","Stock: 3 (1.3%)

Readiness: 2*","Stock: 75 (33.5%)

Readiness: 41*","Stock: 10 (4.5%)

Readiness: 6*","Stock: 1 (0.4%)

Readiness: 1*",41,0,0,0,1,0,3,26,0,"Stock: 282				
Readiness: 169*","Stock: 15,168            	
Readiness: 9,101*","Stock: 60				
Readiness: 36*","Stock: 92				
Readiness: 55*","Stock: 56				
Readiness: 34*","$121,363,000,000 USD",0.9106
Democratic Republic Of The Congo,"$164,367,000,000 USD","$960,000,000 USD","39,237,029","166,580","30,800","2,550","103,000","6,700","Stock: 56			
Readiness: 25*","Stock: 6 (10.7%)

Readiness: 3*","Stock: 0 (0.0%)

Readiness: 0*","Stock: 10 (17.9%)

Readiness: 5*","Stock: 38 (67.9%)

Readiness: 17*","Stock: 0 (0.0%)

Readiness: 0*","Stock: 2 (3.6%)

Readiness: 1*","Stock: 9 (16.1%)

Readiness: 4*","Stock: 0 (0.0%)

Readiness: 0*",16,0,0,0,0,0,0,16,0,"Stock: 212				
Readiness: 117*","Stock: 7,164            	
Readiness: 3,940*","Stock: 16				
Readiness: 9*","Stock: 125				
Readiness: 69*","Stock: 81				
Readiness: 45*","$7,926,000,000 USD",1.3051
Kuwait,"$225,947,000,000 USD","$7,987,000,000 USD","1,726,095","78,000","24,000","2,500","103,000","4,000","Stock: 133			
Readiness: 80*","Stock: 0 (0.0%)

Readiness: 0*","Stock: 47 (35.3%)

Readiness: 28*","Stock: 2 (1.5%)

Readiness: 1*","Stock: 68 (51.1%)

Readiness: 41*","Stock: 0 (0.0%)

Readiness: 0*","Stock: 13 (9.8%)

Readiness: 8*","Stock: 16 (12.0%)

Readiness: 10*","Stock: 3 (2.3%)

Readiness: 2*",123,0,0,0,0,0,0,106,0,"Stock: 367				
Readiness: 220*","Stock: 7,472            	
Readiness: 4,483*","Stock: 51				
Readiness: 31*","Stock: 0				
Readiness: 0*","Stock: 27				
Readiness: 16*","$60,500,000,000 USD",1.7161
Netherlands,"$1,276,000,000,000 USD","$31,791,150,000 USD","7,997,570","44,245","8,510","9,500","53,212","24,822","Stock: 130			
Readiness: 91*","Stock: 38 (29.2%)

Readiness: 27*","Stock: 0 (0.0%)

Readiness: 0*","Stock: 4 (3.1%)

Readiness: 3*","Stock: 67 (51.5%)

Readiness: 47*","Stock: 0 (0.0%)

Readiness: 0*","Stock: 21 (16.2%)

Readiness: 15*","Stock: 16 (12.3%)

Readiness: 11*","Stock: 0 (0.0%)

Readiness: 0*",140,0,0,0,6,0,3,76,3,"Stock: 18				
Readiness: 13*","Stock: 6,689            	
Readiness: 4,682*","Stock: 46				
Readiness: 32*","Stock: 0				
Readiness: 0*","Stock: 4				
Readiness: 3*","$5,257,949,730,000 USD",0.6142
Denmark,"$440,558,000,000 USD","$14,250,000,000 USD","2,628,180","21,000","12,000","3,475","88,400","3,600","Stock: 122			
Readiness: 98*","Stock: 19 (15.6%)

Readiness: 15*","Stock: 26 (21.3%)

Readiness: 21*","Stock: 4 (3.3%)

Readiness: 3*","Stock: 34 (27.9%)

Readiness: 27*","Stock: 3 (2.5%)

Readiness: 2*","Stock: 36 (29.5%)

Readiness: 29*","Stock: 0 (0.0%)

Readiness: 0*","Stock: 0 (0.0%)

Readiness: 0*",50,0,0,0,9,0,0,9,6,"Stock: 44				
Readiness: 33*","Stock: 5,930            	
Readiness: 4,448*","Stock: 19				
Readiness: 14*","Stock: 0				
Readiness: 0*","Stock: 8				
Readiness: 6*","$611,050,000,000 USD",0.8198
Czech Republic,"$521,928,000,000 USD","$9,174,000,000 USD","5,093,808","30,334","4,900","3,120","13,000",0,"Stock: 103			
Readiness: 77*","Stock: 16 (15.5%)

Readiness: 12*","Stock: 12 (11.7%)

Readiness: 9*","Stock: 10 (9.7%)

Readiness: 8*","Stock: 42 (40.8%)

Readiness: 32*","Stock: 2 (1.9%)

Readiness: 2*","Stock: 21 (20.4%)

Readiness: 16*","Stock: 4 (3.9%)

Readiness: 3*","Stock: 0 (0.0%)

Readiness: 0*",,,,,,,,,,"Stock: 20				
Readiness: 14*","Stock: 6,275            	
Readiness: 4,393*","Stock: 53				
Readiness: 37*","Stock: 0				
Readiness: 0*","Stock: 16				
Readiness: 11*","$232,320,000,000 USD",1.0313
Albania,"$51,360,000,000 USD","$720,037,190 USD","1,522,479","7,500",0,650,"2,335","1,000","Stock: 20			
Readiness: 11*","Stock: 0 (0.0%)

Readiness: 0*","Stock: 0 (0.0%)

Readiness: 0*","Stock: 1 (5.0%)

Readiness: 1*","Stock: 19 (95.0%)

Readiness: 10*","Stock: 0 (0.0%)

Readiness: 0*","Stock: 0 (0.0%)

Readiness: 0*","Stock: 0 (0.0%)

Readiness: 0*","Stock: 0 (0.0%)

Readiness: 0*",33,0,0,0,0,0,0,33,0,"Stock: 0				
Readiness: 0*","Stock: 1,492            	
Readiness: 970*","Stock: 10				
Readiness: 7*","Stock: 0				
Readiness: 0*","Stock: 270				
Readiness: 176*","$5,363,000,000 USD",1.7258
Bosnia And Herzegovina,"$64,641,000,000 USD","$289,920,000 USD","2,355,176","18,000","8,000","2,100","26,000",0,"Stock: 15			
Readiness: 10*","Stock: 0 (0.0%)

Readiness: 0*","Stock: 0 (0.0%)

Readiness: 0*","Stock: 0 (0.0%)

Readiness: 0*","Stock: 15 (100.0%)

Readiness: 10*","Stock: 0 (0.0%)

Readiness: 0*","Stock: 0 (0.0%)

Readiness: 0*","Stock: 0 (0.0%)

Readiness: 0*","Stock: 0 (0.0%)

Readiness: 0*",0,0,0,0,0,0,0,0,0,"Stock: 45				
Readiness: 29*","Stock: 892            	
Readiness: 580*","Stock: 0				
Readiness: 0*","Stock: 300				
Readiness: 195*","Stock: 24				
Readiness: 16*","$5,359,000,000 USD",3.1291
Ireland,"$620,544,000,000 USD","$1,754,400,500 USD","2,407,392","7,557","1,720",690,"7,705",800,"Stock: 23			
Readiness: 15*","Stock: 0 (0.0%)

Readiness: 0*","Stock: 0 (0.0%)

Readiness: 0*","Stock: 5 (21.7%)

Readiness: 3*","Stock: 8 (34.8%)

Readiness: 5*","Stock: 2 (8.7%)

Readiness: 1*","Stock: 8 (34.8%)

Readiness: 5*","Stock: 0 (0.0%)

Readiness: 0*","Stock: 0 (0.0%)

Readiness: 0*",8,0,0,0,0,0,0,8,0,"Stock: 0				
Readiness: 0*","Stock: 3,296            	
Readiness: 2,142*","Stock: 0				
Readiness: 0*","Stock: 0				
Readiness: 0*","Stock: 0				
Readiness: 0*","$3,630,000,000,000 USD",2.0661
Azerbaijan,"$225,198,000,000 USD","$5,100,000,000 USD","5,218,617","128,000","306,000","15,000","110,000","3,000","Stock: 159			
Readiness: 87*","Stock: 20 (12.6%)

Readiness: 11*","Stock: 12 (7.5%)

Readiness: 7*","Stock: 4 (2.5%)

Readiness: 2*","Stock: 87 (54.7%)

Readiness: 48*","Stock: 0 (0.0%)

Readiness: 0*","Stock: 36 (22.6%)

Readiness: 20*","Stock: 16 (10.1%)

Readiness: 9*","Stock: 0 (0.0%)

Readiness: 0*",32,0,0,0,0,0,4,17,4,"Stock: 1,354				
Readiness: 880*","Stock: 14,448            	
Readiness: 9,391*","Stock: 135				
Readiness: 88*","Stock: 651				
Readiness: 423*","Stock: 696				
Readiness: 452*","$12,378,000,000 USD",1.1991
Chad,"$52,895,000,000 USD","$706,800,000 USD","6,873,694","37,750",0,350,"37,750",0,"Stock: 40			
Readiness: 20*","Stock: 7 (17.5%)

Readiness: 4*","Stock: 0 (0.0%)

Readiness: 0*","Stock: 7 (17.5%)

Readiness: 4*","Stock: 16 (40.0%)

Readiness: 8*","Stock: 2 (5.0%)

Readiness: 1*","Stock: 8 (20.0%)

Readiness: 4*","Stock: 3 (7.5%)

Readiness: 2*","Stock: 0 (0.0%)

Readiness: 0*",,,,,,,,,,"Stock: 90				
Readiness: 50*","Stock: 4,345            	
Readiness: 2,390*","Stock: 10				
Readiness: 6*","Stock: 13				
Readiness: 7*","Stock: 16				
Readiness: 9*","$2,286,000,000 USD",1.8594
Thailand,"$1,558,000,000,000 USD","$6,006,660,000 USD","36,358,919","360,850","200,000","46,000","245,000","69,850","Stock: 496			
Readiness: 298*","Stock: 26 (5.2%)

Readiness: 16*","Stock: 73 (14.7%)

Readiness: 44*","Stock: 52 (10.5%)

Readiness: 31*","Stock: 258 (52.0%)

Readiness: 155*","Stock: 25 (5.0%)

Readiness: 15*","Stock: 134 (27.0%)

Readiness: 80*","Stock: 7 (1.4%)

Readiness: 4*","Stock: 0 (0.0%)

Readiness: 0*",304,0,1,0,7,5,0,254,5,"Stock: 744				
Readiness: 484*","Stock: 52,590            	
Readiness: 34,184*","Stock: 59				
Readiness: 38*","Stock: 595				
Readiness: 387*","Stock: 17				
Readiness: 11*","$37,065,000,000 USD",0.4458
South Korea,"$2,607,000,000,000 USD","$44,800,000,000 USD","26,040,900","450,000","3,100,000","65,000","365,000","70,000","Stock: 1,540			
Readiness: 1,078*","Stock: 98 (6.4%)

Readiness: 69*","Stock: 242 (15.7%)

Readiness: 169*","Stock: 40 (2.6%)

Readiness: 28*","Stock: 827 (53.7%)

Readiness: 579*","Stock: 35 (2.3%)

Readiness: 25*","Stock: 335 (21.8%)

Readiness: 235*","Stock: 113 (7.3%)

Readiness: 79*","Stock: 4 (0.3%)

Readiness: 3*",215,0,2,14,18,3,22,96,14,"Stock: 1,831				
Readiness: 1,282*","Stock: 117,460            	
Readiness: 82,222*","Stock: 2,780				
Readiness: 1,946*","Stock: 5,800				
Readiness: 4,060*","Stock: 525				
Readiness: 368*","$553,871,450,000 USD",0.1642
Japan,"$5,715,000,000,000 USD","$58,000,000,000 USD","52,976,836","251,500","56,000","50,000","206,700","50,800","Stock: 1,429			
Readiness: 1,143*","Stock: 47 (3.3%)

Readiness: 38*","Stock: 217 (15.2%)

Readiness: 174*","Stock: 53 (3.7%)

Readiness: 42*","Stock: 583 (40.8%)

Readiness: 466*","Stock: 135 (9.4%)

Readiness: 108*","Stock: 399 (27.9%)

Readiness: 319*","Stock: 118 (8.3%)

Readiness: 94*","Stock: 10 (0.7%)

Readiness: 8*",158,0,4,41,8,0,23,6,18,"Stock: 734				
Readiness: 587*","Stock: 54,390            	
Readiness: 43,512*","Stock: 193				
Readiness: 154*","Stock: 480				
Readiness: 384*","Stock: 99				
Readiness: 79*","$5,147,667,910,000 USD",0.1876
Chile,"$596,556,000,000 USD","$6,800,000,000 USD","8,959,033","80,000","40,000","7,645","80,000","25,000","Stock: 274			
Readiness: 178*","Stock: 0 (0.0%)

Readiness: 0*","Stock: 45 (16.4%)

Readiness: 29*","Stock: 33 (12.0%)

Readiness: 21*","Stock: 86 (31.4%)

Readiness: 56*","Stock: 18 (6.6%)

Readiness: 12*","Stock: 92 (33.6%)

Readiness: 60*","Stock: 0 (0.0%)

Readiness: 0*","Stock: 5 (1.8%)

Readiness: 3*",130,0,0,0,8,0,4,40,0,"Stock: 386				
Readiness: 251*","Stock: 7,480            	
Readiness: 4,862*","Stock: 48				
Readiness: 31*","Stock: 249				
Readiness: 162*","Stock: 9				
Readiness: 6*","$235,950,000,000 USD",0.8704
Romania,"$774,376,000,000 USD","$10,230,630,000 USD","9,437,041","90,000","55,000","11,700","39,250","6,800","Stock: 148			
Readiness: 89*","Stock: 0 (0.0%)

Readiness: 0*","Stock: 29 (19.6%)

Readiness: 17*","Stock: 13 (8.8%)

Readiness: 8*","Stock: 66 (44.6%)

Readiness: 40*","Stock: 2 (1.4%)

Readiness: 1*","Stock: 44 (29.7%)

Readiness: 26*","Stock: 0 (0.0%)

Readiness: 0*","Stock: 0 (0.0%)

Readiness: 0*",18,0,0,0,3,7,0,0,7,"Stock: 451				
Readiness: 271*","Stock: 13,266            	
Readiness: 7,960*","Stock: 0				
Readiness: 0*","Stock: 720				
Readiness: 432*","Stock: 243				
Readiness: 146*","$145,200,000,000 USD",0.9558
Burkina Faso,"$60,001,000,000 USD","$4,590,000,000 USD","8,525,614","7,500",0,300,"7,000",0,"Stock: 26			
Readiness: 8*","Stock: 3 (11.5%)

Readiness: 1*","Stock: 0 (0.0%)

Readiness: 0*","Stock: 2 (7.7%)

Readiness: 1*","Stock: 19 (73.1%)

Readiness: 6*","Stock: 2 (7.7%)

Readiness: 1*","Stock: 0 (0.0%)

Readiness: 0*","Stock: 5 (19.2%)

Readiness: 2*","Stock: 0 (0.0%)

Readiness: 0*",,,,,,,,,,"Stock: 0				
Readiness: 0*","Stock: 876            	
Readiness: 350*","Stock: 0				
Readiness: 0*","Stock: 8				
Readiness: 3*","Stock: 9				
Readiness: 4*","$3,565,000,000 USD",2.9213
Bulgaria,"$219,645,000,000 USD","$2,485,350,000 USD","3,187,850","36,950","3,000","8,500","39,950","4,450","Stock: 71			
Readiness: 46*","Stock: 5 (7.0%)

Readiness: 3*","Stock: 11 (15.5%)

Readiness: 7*","Stock: 6 (8.5%)

Readiness: 4*","Stock: 23 (32.4%)

Readiness: 15*","Stock: 0 (0.0%)

Readiness: 0*","Stock: 26 (36.6%)

Readiness: 17*","Stock: 4 (5.6%)

Readiness: 3*","Stock: 0 (0.0%)

Readiness: 0*",45,0,0,0,6,3,0,0,17,"Stock: 334				
Readiness: 217*","Stock: 6,724            	
Readiness: 4,371*","Stock: 48				
Readiness: 31*","Stock: 24				
Readiness: 16*","Stock: 24				
Readiness: 16*","$14,277,000,000 USD",1.2522
North Korea,"$15,416,000,000 USD","$4,750,000,000 USD","9,467,520","1,320,000","560,000","110,000","1,370,000","60,000","Stock: 837			
Readiness: 377*","Stock: 114 (13.6%)

Readiness: 51*","Stock: 341 (40.7%)

Readiness: 153*","Stock: 1 (0.1%)

Readiness: 0*","Stock: 205 (24.5%)

Readiness: 92*","Stock: 0 (0.0%)

Readiness: 0*","Stock: 176 (21.0%)

Readiness: 79*","Stock: 20 (2.4%)

Readiness: 9*","Stock: 0 (0.0%)

Readiness: 0*",332,0,0,2,2,8,24,227,1,"Stock: 4,895				
Readiness: 2,448*","Stock: 47,792            	
Readiness: 23,896*","Stock: 1,300				
Readiness: 650*","Stock: 700				
Readiness: 350*","Stock: 1,500				
Readiness: 750*","$6,050,000,000 USD",0.5933
Peru,"$535,911,000,000 USD","$2,552,000,000 USD","15,648,120","120,000","386,000","12,100","92,500","26,000","Stock: 252			
Readiness: 139*","Stock: 22 (8.7%)

Readiness: 12*","Stock: 15 (6.0%)

Readiness: 8*","Stock: 39 (15.5%)

Readiness: 21*","Stock: 112 (44.4%)

Readiness: 62*","Stock: 12 (4.8%)

Readiness: 7*","Stock: 68 (27.0%)

Readiness: 37*","Stock: 16 (6.3%)

Readiness: 9*","Stock: 0 (0.0%)

Readiness: 0*",78,0,0,0,7,8,6,13,0,"Stock: 355				
Readiness: 231*","Stock: 9,168            	
Readiness: 5,959*","Stock: 12				
Readiness: 8*","Stock: 290				
Readiness: 189*","Stock: 61				
Readiness: 40*","$38,102,000,000 USD",0.8827
Somalia,"$26,770,000,000 USD","$870,000,000 USD","2,993,973","30,000",0,550,"29,150",500,"Stock: 6			
Readiness: 3*","Stock: 0 (0.0%)

Readiness: 0*","Stock: 0 (0.0%)

Readiness: 0*","Stock: 0 (0.0%)

Readiness: 0*","Stock: 6 (100.0%)

Readiness: 3*","Stock: 0 (0.0%)

Readiness: 0*","Stock: 0 (0.0%)

Readiness: 0*","Stock: 0 (0.0%)

Readiness: 0*","Stock: 0 (0.0%)

Readiness: 0*",19,0,0,0,0,0,0,19,0,"Stock: 0				
Readiness: 0*","Stock: 1,104            	
Readiness: 497*","Stock: 0				
Readiness: 0*","Stock: 0				
Readiness: 0*","Stock: 0				
Readiness: 0*","$2,563,000,000 USD",3.7393
Zambia,"$79,207,000,000 USD","$385,321,000 USD","7,279,691","15,150",0,"3,745","13,250",0,"Stock: 78			
Readiness: 39*","Stock: 0 (0.0%)

Readiness: 0*","Stock: 0 (0.0%)

Readiness: 0*","Stock: 13 (16.7%)

Readiness: 7*","Stock: 33 (42.3%)

Readiness: 17*","Stock: 0 (0.0%)

Readiness: 0*","Stock: 34 (43.6%)

Readiness: 17*","Stock: 0 (0.0%)

Readiness: 0*","Stock: 0 (0.0%)

Readiness: 0*",,,,,,,,,,"Stock: 75				
Readiness: 41*","Stock: 848            	
Readiness: 466*","Stock: 12				
Readiness: 7*","Stock: 60				
Readiness: 33*","Stock: 50				
Readiness: 28*","$16,597,000,000 USD",2.4461
India,"$14,244,000,000,000 USD","$109,000,000,000 USD","662,290,299","1,431,000","1,000,000","289,000","2,148,000","148,869","Stock: 2,183			
Readiness: 1,637*","Stock: 124 (5.7%)

Readiness: 93*","Stock: 476 (21.8%)

Readiness: 357*","Stock: 277 (12.7%)

Readiness: 208*","Stock: 594 (27.2%)

Readiness: 446*","Stock: 72 (3.3%)

Readiness: 54*","Stock: 334 (15.3%)

Readiness: 251*","Stock: 79 (3.6%)

Readiness: 59*","Stock: 6 (0.3%)

Readiness: 5*",343,2,0,13,18,21,18,146,0,"Stock: 3,913				
Readiness: 2,935*","Stock: 163,554            	
Readiness: 122,666*","Stock: 100				
Readiness: 75*","Stock: 5,640				
Readiness: 4,230*","Stock: 300				
Readiness: 225*","$212,728,000,000 USD",0.1346
Poland,"$1,649,000,000,000 USD","$55,865,141,600 USD","18,985,692","250,000","350,000","16,500","110,000","8,240","Stock: 457			
Readiness: 297*","Stock: 12 (2.6%)

Readiness: 8*","Stock: 58 (12.7%)

Readiness: 38*","Stock: 44 (9.6%)

Readiness: 29*","Stock: 224 (49.0%)

Readiness: 146*","Stock: 11 (2.4%)

Readiness: 7*","Stock: 112 (24.5%)

Readiness: 73*","Stock: 29 (6.3%)

Readiness: 19*","Stock: 0 (0.0%)

Readiness: 0*",63,0,0,0,2,2,1,3,29,"Stock: 798				
Readiness: 519*","Stock: 57,972            	
Readiness: 37,682*","Stock: 593				
Readiness: 385*","Stock: 0				
Readiness: 0*","Stock: 298				
Readiness: 194*","$425,641,700,000 USD",0.3891
Honduras,"$71,297,000,000 USD","$612,300,000 USD","4,192,843","52,225",0,"8,520","83,000","4,000","Stock: 45			
Readiness: 25*","Stock: 7 (15.6%)

Readiness: 4*","Stock: 6 (13.3%)

Readiness: 3*","Stock: 10 (22.2%)

Readiness: 6*","Stock: 11 (24.4%)

Readiness: 6*","Stock: 1 (2.2%)

Readiness: 1*","Stock: 10 (22.2%)

Readiness: 6*","Stock: 0 (0.0%)

Readiness: 0*","Stock: 0 (0.0%)

Readiness: 0*",98,0,0,0,0,0,0,93,0,"Stock: 22				
Readiness: 14*","Stock: 4,666            	
Readiness: 3,033*","Stock: 0				
Readiness: 0*","Stock: 48				
Readiness: 31*","Stock: 0				
Readiness: 0*","$7,785,000,000 USD",2.2575
Mongolia,"$59,221,000,000 USD","$1,590,000,000 USD","1,870,555","35,000","230,000","1,500","35,000",0,"Stock: 8			
Readiness: 4*","Stock: 0 (0.0%)

Readiness: 0*","Stock: 0 (0.0%)

Readiness: 0*","Stock: 3 (37.5%)

Readiness: 2*","Stock: 3 (37.5%)

Readiness: 2*","Stock: 0 (0.0%)

Readiness: 0*","Stock: 2 (25.0%)

Readiness: 1*","Stock: 0 (0.0%)

Readiness: 0*","Stock: 0 (0.0%)

Readiness: 0*",,,,,,,,,,"Stock: 420				
Readiness: 231*","Stock: 11,040            	
Readiness: 6,072*","Stock: 0				
Readiness: 0*","Stock: 500				
Readiness: 275*","Stock: 130				
Readiness: 72*","$8,379,000,000 USD",1.9987
Algeria,"$722,912,000,000 USD","$25,000,000,000 USD","22,570,787","130,000","150,000","14,000","280,000","15,000","Stock: 620			
Readiness: 403*","Stock: 42 (6.8%)

Readiness: 27*","Stock: 111 (17.9%)

Readiness: 72*","Stock: 63 (10.2%)

Readiness: 41*","Stock: 300 (48.4%)

Readiness: 195*","Stock: 10 (1.6%)

Readiness: 7*","Stock: 90 (14.5%)

Readiness: 59*","Stock: 74 (11.9%)

Readiness: 48*","Stock: 4 (0.6%)

Readiness: 3*",111,0,0,0,8,8,6,75,3,"Stock: 1,485				
Readiness: 965*","Stock: 24,920            	
Readiness: 16,198*","Stock: 224				
Readiness: 146*","Stock: 483				
Readiness: 314*","Stock: 188				
Readiness: 122*","$4,764,000,000 USD",0.4849
France,"$3,732,000,000,000 USD","$67,232,395,000 USD","30,084,820","264,000","43,444","44,120","141,600","47,000","Stock: 974			
Readiness: 779*","Stock: 0 (0.0%)

Readiness: 0*","Stock: 223 (22.9%)

Readiness: 178*","Stock: 118 (12.1%)

Readiness: 94*","Stock: 452 (46.4%)

Readiness: 362*","Stock: 44 (4.5%)

Readiness: 35*","Stock: 140 (14.4%)

Readiness: 112*","Stock: 67 (6.9%)

Readiness: 54*","Stock: 15 (1.5%)

Readiness: 12*",166,1,3,11,5,0,9,22,19,"Stock: 427				
Readiness: 342*","Stock: 110,784            	
Readiness: 88,627*","Stock: 74				
Readiness: 59*","Stock: 0				
Readiness: 0*","Stock: 9				
Readiness: 7*","$7,691,315,390,000 USD",0.1798
Finland,"$313,591,000,000 USD","$8,890,000,000 USD","2,306,830","24,000","870,000","41,100","42,000","6,700","Stock: 162			
Readiness: 122*","Stock: 0 (0.0%)

Readiness: 0*","Stock: 53 (32.7%)

Readiness: 40*","Stock: 11 (6.8%)

Readiness: 8*","Stock: 27 (16.7%)

Readiness: 20*","Stock: 1 (0.6%)

Readiness: 1*","Stock: 77 (47.5%)

Readiness: 58*","Stock: 0 (0.0%)

Readiness: 0*","Stock: 0 (0.0%)

Readiness: 0*",165,0,0,0,0,0,0,8,18,"Stock: 200				
Readiness: 150*","Stock: 14,866            	
Readiness: 11,150*","Stock: 125				
Readiness: 94*","Stock: 667				
Readiness: 500*","Stock: 76				
Readiness: 57*","$726,000,000,000 USD",0.8673
Taiwan,"$1,743,000,000,000 USD","$31,180,000,000 USD","12,269,542","230,000","1,657,000","125,000","94,000","107,000","Stock: 720			
Readiness: 504*","Stock: 0 (0.0%)

Readiness: 0*","Stock: 258 (35.8%)

Readiness: 181*","Stock: 19 (2.6%)

Readiness: 13*","Stock: 239 (33.2%)

Readiness: 167*","Stock: 18 (2.5%)

Readiness: 13*","Stock: 215 (29.9%)

Readiness: 151*","Stock: 91 (12.6%)

Readiness: 64*","Stock: 0 (0.0%)

Readiness: 0*",91,0,0,4,21,7,4,36,10,"Stock: 1,090				
Readiness: 709*","Stock: 24,067            	
Readiness: 15,644*","Stock: 488				
Readiness: 317*","Stock: 1,360				
Readiness: 884*","Stock: 223				
Readiness: 145*","$229,900,000,000 USD",0.3927
Iran,"$1,486,000,000,000 USD","$9,230,000,000 USD","49,496,685","610,000","350,000","37,000","350,000","20,000","Stock: 551			
Readiness: 303*","Stock: 21 (3.8%)

Readiness: 12*","Stock: 188 (34.1%)

Readiness: 103*","Stock: 86 (15.6%)

Readiness: 47*","Stock: 129 (23.4%)

Readiness: 71*","Stock: 10 (1.8%)

Readiness: 6*","Stock: 103 (18.7%)

Readiness: 57*","Stock: 13 (2.4%)

Readiness: 7*","Stock: 6 (1.1%)

Readiness: 3*",109,0,0,0,7,3,25,21,1,"Stock: 2,675				
Readiness: 1,605*","Stock: 75,939            	
Readiness: 45,563*","Stock: 424				
Readiness: 254*","Stock: 1,803				
Readiness: 1,082*","Stock: 1,550				
Readiness: 930*","$6,759,000,000 USD",0.3199
Cambodia,"$123,676,000,000 USD","$750,000,000 USD","8,190,561","124,300",0,"1,500","75,000","2,800","Stock: 24			
Readiness: 13*","Stock: 0 (0.0%)

Readiness: 0*","Stock: 0 (0.0%)

Readiness: 0*","Stock: 4 (16.7%)

Readiness: 2*","Stock: 20 (83.3%)

Readiness: 11*","Stock: 0 (0.0%)

Readiness: 0*","Stock: 0 (0.0%)

Readiness: 0*","Stock: 0 (0.0%)

Readiness: 0*","Stock: 0 (0.0%)

Readiness: 0*",20,0,0,0,0,0,0,20,0,"Stock: 520				
Readiness: 286*","Stock: 5,439            	
Readiness: 2,991*","Stock: 30				
Readiness: 17*","Stock: 525				
Readiness: 289*","Stock: 521				
Readiness: 287*","$8,019,000,000 USD",1.8434
Afghanistan,"$82,238,000,000 USD","$145,000,000 USD","15,647,405","75,000",0,0,"165,000",0,"Stock: 5			
Readiness: 1*","Stock: 0 (0.0%)

Readiness: 0*","Stock: 0 (0.0%)

Readiness: 0*","Stock: 2 (40.0%)

Readiness: 0*","Stock: 3 (60.0%)

Readiness: 1*","Stock: 0 (0.0%)

Readiness: 0*","Stock: 0 (0.0%)

Readiness: 0*","Stock: 0 (0.0%)

Readiness: 0*","Stock: 0 (0.0%)

Readiness: 0*",,,,,,,,,,"Stock: 0				
Readiness: 0*","Stock: 3,902            	
Readiness: 1,366*","Stock: 0				
Readiness: 0*","Stock: 0				
Readiness: 0*","Stock: 0				
Readiness: 0*","$1,929,750,000 USD",2.7342
Turkey,"$3,018,000,000,000 USD","$51,400,000,000 USD","42,985,080","481,000","380,000","52,850","401,500","100,000","Stock: 1,101			
Readiness: 771*","Stock: 0 (0.0%)

Readiness: 0*","Stock: 201 (18.3%)

Readiness: 141*","Stock: 84 (7.6%)

Readiness: 59*","Stock: 509 (46.2%)

Readiness: 356*","Stock: 27 (2.5%)

Readiness: 19*","Stock: 301 (27.3%)

Readiness: 211*","Stock: 111 (10.1%)

Readiness: 78*","Stock: 7 (0.6%)

Readiness: 5*",192,0,1,0,17,9,14,40,11,"Stock: 2,284				
Readiness: 1,599*","Stock: 98,193            	
Readiness: 68,735*","Stock: 1,045				
Readiness: 732*","Stock: 635				
Readiness: 445*","Stock: 237				
Readiness: 166*","$149,654,000,000 USD",0.1975
Slovakia,"$218,762,000,000 USD","$2,900,000,000 USD","2,837,461","20,982",0,"3,200","18,282",0,"Stock: 48			
Readiness: 31*","Stock: 0 (0.0%)

Readiness: 0*","Stock: 7 (14.6%)

Readiness: 5*","Stock: 7 (14.6%)

Readiness: 5*","Stock: 22 (45.8%)

Readiness: 14*","Stock: 1 (2.1%)

Readiness: 1*","Stock: 11 (22.9%)

Readiness: 7*","Stock: 0 (0.0%)

Readiness: 0*","Stock: 0 (0.0%)

Readiness: 0*",,,,,,,,,,"Stock: 45				
Readiness: 32*","Stock: 6,636            	
Readiness: 4,645*","Stock: 35				
Readiness: 25*","Stock: 9				
Readiness: 6*","Stock: 25				
Readiness: 18*","$140,360,000,000 USD",1.3911
Myanmar,"$287,559,000,000 USD","$2,815,031,361 USD","30,489,384","228,000","19,000","25,000","255,000","30,000","Stock: 331			
Readiness: 182*","Stock: 20 (6.0%)

Readiness: 11*","Stock: 70 (21.1%)

Readiness: 39*","Stock: 33 (10.0%)

Readiness: 18*","Stock: 86 (26.0%)

Readiness: 47*","Stock: 5 (1.5%)

Readiness: 3*","Stock: 120 (36.3%)

Readiness: 66*","Stock: 9 (2.7%)

Readiness: 5*","Stock: 0 (0.0%)

Readiness: 0*",239,0,0,0,6,3,3,146,2,"Stock: 1,040				
Readiness: 572*","Stock: 11,576            	
Readiness: 6,367*","Stock: 225				
Readiness: 124*","Stock: 1,680				
Readiness: 924*","Stock: 1,520				
Readiness: 836*","$8,748,000,000 USD",0.6265
Malaysia,"$1,212,000,000,000 USD","$5,100,000,000 USD","16,245,461","113,000","51,600","15,000","130,000","18,000","Stock: 132			
Readiness: 79*","Stock: 11 (8.3%)

Readiness: 7*","Stock: 25 (18.9%)

Readiness: 15*","Stock: 15 (11.4%)

Readiness: 9*","Stock: 45 (34.1%)

Readiness: 27*","Stock: 6 (4.5%)

Readiness: 4*","Stock: 31 (23.5%)

Readiness: 19*","Stock: 0 (0.0%)

Readiness: 0*","Stock: 4 (3.0%)

Readiness: 2*",100,0,0,0,2,4,2,72,4,"Stock: 48				
Readiness: 29*","Stock: 15,415            	
Readiness: 9,249*","Stock: 0				
Readiness: 0*","Stock: 196				
Readiness: 118*","Stock: 36				
Readiness: 22*","$8,748,000,000 USD",0.7379
Libya,"$90,609,000,000 USD","$1,474,800,000 USD","3,827,857","32,000",0,"1,000","85,000","7,500","Stock: 83			
Readiness: 29*","Stock: 1 (1.2%)

Readiness: 0*","Stock: 10 (12.0%)

Readiness: 4*","Stock: 12 (14.5%)

Readiness: 4*","Stock: 22 (26.5%)

Readiness: 8*","Stock: 0 (0.0%)

Readiness: 0*","Stock: 35 (42.2%)

Readiness: 12*","Stock: 4 (4.8%)

Readiness: 1*","Stock: 0 (0.0%)

Readiness: 0*",5,0,0,0,1,0,0,2,0,"Stock: 55				
Readiness: 22*","Stock: 2,728            	
Readiness: 1,091*","Stock: 20				
Readiness: 8*","Stock: 38				
Readiness: 15*","Stock: 25				
Readiness: 10*","$3,654,200,000 USD",1.7872
Hungary,"$389,207,000,000 USD","$5,887,250,000 USD","4,632,200","41,600","20,000","5,750","32,000",0,"Stock: 80			
Readiness: 52*","Stock: 0 (0.0%)

Readiness: 0*","Stock: 12 (15.0%)

Readiness: 8*","Stock: 3 (3.8%)

Readiness: 2*","Stock: 50 (62.5%)

Readiness: 33*","Stock: 0 (0.0%)

Readiness: 0*","Stock: 17 (21.3%)

Readiness: 11*","Stock: 8 (10.0%)

Readiness: 5*","Stock: 0 (0.0%)

Readiness: 0*",,,,,,,,,,"Stock: 220				
Readiness: 154*","Stock: 11,502            	
Readiness: 8,051*","Stock: 24				
Readiness: 17*","Stock: 295				
Readiness: 207*","Stock: 0				
Readiness: 0*","$151,250,000,000 USD",1.0429
Botswana,"$45,553,000,000 USD","$581,000,000 USD","1,029,281","12,000",0,500,"12,000",0,"Stock: 45			
Readiness: 18*","Stock: 0 (0.0%)

Readiness: 0*","Stock: 10 (22.2%)

Readiness: 4*","Stock: 9 (20.0%)

Readiness: 4*","Stock: 16 (35.6%)

Readiness: 6*","Stock: 0 (0.0%)

Readiness: 0*","Stock: 10 (22.2%)

Readiness: 4*","Stock: 0 (0.0%)

Readiness: 0*","Stock: 0 (0.0%)

Readiness: 0*",,,,,,,,,,"Stock: 45				
Readiness: 20*","Stock: 1,224            	
Readiness: 551*","Stock: 12				
Readiness: 5*","Stock: 36				
Readiness: 16*","Stock: 20				
Readiness: 9*","$1,761,000,000 USD",2.9993
Ethiopia,"$380,895,000,000 USD","$3,720,968,976 USD","56,904,143","503,000","138,000","5,000","626,000","11,500","Stock: 104			
Readiness: 62*","Stock: 0 (0.0%)

Readiness: 0*","Stock: 25 (24.0%)

Readiness: 15*","Stock: 9 (8.7%)

Readiness: 5*","Stock: 33 (31.7%)

Readiness: 20*","Stock: 0 (0.0%)

Readiness: 0*","Stock: 34 (32.7%)

Readiness: 20*","Stock: 7 (6.7%)

Readiness: 4*","Stock: 0 (0.0%)

Readiness: 0*",,,,,,,,,,"Stock: 338				
Readiness: 220*","Stock: 8,586            	
Readiness: 5,581*","Stock: 142				
Readiness: 92*","Stock: 469				
Readiness: 305*","Stock: 79				
Readiness: 51*","$25,426,000,000 USD",0.8525
Cameroon,"$143,264,000,000 USD","$835,694,942 USD","10,528,476","38,000",0,420,"47,000","1,000","Stock: 35			
Readiness: 12*","Stock: 0 (0.0%)

Readiness: 0*","Stock: 0 (0.0%)

Readiness: 0*","Stock: 6 (17.1%)

Readiness: 2*","Stock: 21 (60.0%)

Readiness: 7*","Stock: 2 (5.7%)

Readiness: 1*","Stock: 6 (17.1%)

Readiness: 2*","Stock: 0 (0.0%)

Readiness: 0*","Stock: 0 (0.0%)

Readiness: 0*",19,0,0,0,0,0,0,19,0,"Stock: 0				
Readiness: 0*","Stock: 860            	
Readiness: 473*","Stock: 18				
Readiness: 10*","Stock: 52				
Readiness: 29*","Stock: 20				
Readiness: 11*","$11,112,000,000 USD",2.1689
Russia,"$6,089,000,000,000 USD","$212,638,272,000 USD","69,002,197","1,320,000","2,000,000","203,376","600,000","160,000","Stock: 4,237			
Readiness: 2,754*","Stock: 698 (16.5%)

Readiness: 454*","Stock: 861 (20.3%)

Readiness: 560*","Stock: 458 (10.8%)

Readiness: 298*","Stock: 1,643 (38.8%)

Readiness: 1,068*","Stock: 137 (3.2%)

Readiness: 89*","Stock: 530 (12.5%)

Readiness: 345*","Stock: 556 (13.1%)

Readiness: 361*","Stock: 18 (0.4%)

Readiness: 12*",747,1,0,13,12,79,66,70,45,"Stock: 5,630				
Readiness: 3,941*","Stock: 126,512            	
Readiness: 88,558*","Stock: 3,603				
Readiness: 2,522*","Stock: 5,920				
Readiness: 4,144*","Stock: 2,486				
Readiness: 1,740*","$226,475,750,000 USD",0.0791
Mexico,"$2,883,000,000,000 USD","$9,100,000,000 USD","61,447,766","387,000","98,653","30,515","275,443","92,043","Stock: 424			
Readiness: 254*","Stock: 32 (7.5%)

Readiness: 19*","Stock: 2 (0.5%)

Readiness: 1*","Stock: 40 (9.4%)

Readiness: 24*","Stock: 173 (40.8%)

Readiness: 104*","Stock: 25 (5.9%)

Readiness: 15*","Stock: 175 (41.3%)

Readiness: 105*","Stock: 0 (0.0%)

Readiness: 0*","Stock: 0 (0.0%)

Readiness: 0*",164,0,0,0,1,3,0,142,0,"Stock: 0				
Readiness: 0*","Stock: 23,548            	
Readiness: 14,129*","Stock: 35				
Readiness: 21*","Stock: 0				
Readiness: 0*","Stock: 0				
Readiness: 0*","$306,308,000,000 USD",0.6401
Qatar,"$317,064,000,000 USD","$11,950,000,000 USD","638,022","26,550","4,000","2,000","12,500","2,500","Stock: 263			
Readiness: 171*","Stock: 6 (2.3%)

Readiness: 4*","Stock: 115 (43.7%)

Readiness: 75*","Stock: 12 (4.6%)

Readiness: 8*","Stock: 85 (32.3%)

Readiness: 55*","Stock: 0 (0.0%)

Readiness: 0*","Stock: 45 (17.1%)

Readiness: 29*","Stock: 24 (9.1%)

Readiness: 16*","Stock: 0 (0.0%)

Readiness: 0*",125,0,0,0,0,4,0,107,0,"Stock: 62				
Readiness: 40*","Stock: 5,576            	
Readiness: 3,624*","Stock: 46				
Readiness: 30*","Stock: 12				
Readiness: 8*","Stock: 16				
Readiness: 10*","$205,700,000,000 USD",1.4096
Mali,"$71,253,000,000 USD","$1,110,000,000 USD","6,817,088","40,000",0,550,"44,800",0,"Stock: 44			
Readiness: 18*","Stock: 12 (27.3%)

Readiness: 5*","Stock: 9 (20.5%)

Readiness: 4*","Stock: 8 (18.2%)

Readiness: 3*","Stock: 10 (22.7%)

Readiness: 4*","Stock: 1 (2.3%)

Readiness: 0*","Stock: 4 (9.1%)

Readiness: 2*","Stock: 8 (18.2%)

Readiness: 3*","Stock: 0 (0.0%)

Readiness: 0*",,,,,,,,,,"Stock: 0				
Readiness: 0*","Stock: 3,717            	
Readiness: 1,673*","Stock: 0				
Readiness: 0*","Stock: 50				
Readiness: 23*","Stock: 30				
Readiness: 14*","$4,085,000,000 USD",2.2598
Estonia,"$57,001,000,000 USD","$2,375,000,000 USD","584,958","7,700","230,000",400,"44,000",550,"Stock: 2			
Readiness: 1*","Stock: 0 (0.0%)

Readiness: 0*","Stock: 0 (0.0%)

Readiness: 0*","Stock: 2 (100.0%)

Readiness: 1*","Stock: 0 (0.0%)

Readiness: 0*","Stock: 0 (0.0%)

Readiness: 0*","Stock: 0 (0.0%)

Readiness: 0*","Stock: 0 (0.0%)

Readiness: 0*","Stock: 0 (0.0%)

Readiness: 0*",8,0,0,0,0,0,0,4,4,"Stock: 0				
Readiness: 0*","Stock: 2,579            	
Readiness: 1,805*","Stock: 48				
Readiness: 34*","Stock: 0				
Readiness: 0*","Stock: 6				
Readiness: 4*","$29,040,000,000 USD",2.3201
Israel,"$472,177,000,000 USD","$34,600,000,000 USD","3,949,099","169,500","465,000","89,000","526,000","19,500","Stock: 597			
Readiness: 478*","Stock: 45 (7.5%)

Readiness: 36*","Stock: 239 (40.0%)

Readiness: 191*","Stock: 14 (2.3%)

Readiness: 11*","Stock: 127 (21.3%)

Readiness: 102*","Stock: 19 (3.2%)

Readiness: 15*","Stock: 148 (24.8%)

Readiness: 118*","Stock: 48 (8.0%)

Readiness: 38*","Stock: 13 (2.2%)

Readiness: 10*",82,0,0,0,0,7,6,66,0,"Stock: 1,300				
Readiness: 1,040*","Stock: 62,380            	
Readiness: 49,904*","Stock: 323				
Readiness: 258*","Stock: 171				
Readiness: 137*","Stock: 228				
Readiness: 182*","$163,350,000,000 USD",0.2707
Benin,"$56,424,000,000 USD","$137,690,000 USD","5,584,880","4,750",0,300,"4,750",200,"Stock: 7			
Readiness: 2*","Stock: 0 (0.0%)

Readiness: 0*","Stock: 0 (0.0%)

Readiness: 0*","Stock: 1 (14.3%)

Readiness: 0*","Stock: 5 (71.4%)

Readiness: 2*","Stock: 1 (14.3%)

Readiness: 0*","Stock: 0 (0.0%)

Readiness: 0*","Stock: 0 (0.0%)

Readiness: 0*","Stock: 0 (0.0%)

Readiness: 0*",2,0,0,0,0,0,0,2,0,"Stock: 0				
Readiness: 0*","Stock: 92            	
Readiness: 41*","Stock: 0				
Readiness: 0*","Stock: 16				
Readiness: 7*","Stock: 0				
Readiness: 0*","$6,309,000,000 USD",3.8963
Slovenia,"$103,118,000,000 USD","$1,782,000,000 USD","1,006,989","7,000","26,000",615,"32,035",350,"Stock: 40			
Readiness: 28*","Stock: 0 (0.0%)

Readiness: 0*","Stock: 0 (0.0%)

Readiness: 0*","Stock: 5 (12.5%)

Readiness: 4*","Stock: 16 (40.0%)

Readiness: 11*","Stock: 0 (0.0%)

Readiness: 0*","Stock: 23 (57.5%)

Readiness: 16*","Stock: 0 (0.0%)

Readiness: 0*","Stock: 0 (0.0%)

Readiness: 0*",3,0,0,0,0,0,0,3,0,"Stock: 54				
Readiness: 38*","Stock: 4,636            	
Readiness: 3,245*","Stock: 17				
Readiness: 12*","Stock: 18				
Readiness: 13*","Stock: 0				
Readiness: 0*","$60,500,000,000 USD",1.9404
Greece,"$192,205,000,000 USD","$8,242,150,000 USD","4,916,713","142,700","221,350","42,500","200,000","30,000","Stock: 560			
Readiness: 392*","Stock: 0 (0.0%)

Readiness: 0*","Stock: 178 (31.8%)

Readiness: 125*","Stock: 17 (3.0%)

Readiness: 12*","Stock: 285 (50.9%)

Readiness: 200*","Stock: 8 (1.4%)

Readiness: 6*","Stock: 86 (15.4%)

Readiness: 60*","Stock: 28 (5.0%)

Readiness: 20*","Stock: 0 (0.0%)

Readiness: 0*",186,0,0,0,14,0,9,45,3,"Stock: 1,344				
Readiness: 874*","Stock: 56,416            	
Readiness: 36,670*","Stock: 589				
Readiness: 383*","Stock: 698				
Readiness: 454*","Stock: 152				
Readiness: 99*","$605,000,000,000 USD",0.5484
Serbia,"$177,093,000,000 USD","$2,770,000,000 USD","3,259,584","22,500","2,000","3,000","13,200",0,"Stock: 115			
Readiness: 69*","Stock: 17 (14.8%)

Readiness: 10*","Stock: 11 (9.6%)

Readiness: 7*","Stock: 3 (2.6%)

Readiness: 2*","Stock: 51 (44.3%)

Readiness: 31*","Stock: 0 (0.0%)

Readiness: 0*","Stock: 33 (28.7%)

Readiness: 20*","Stock: 4 (3.5%)

Readiness: 2*","Stock: 0 (0.0%)

Readiness: 0*",,,,,,,,,,"Stock: 242				
Readiness: 145*","Stock: 7,190            	
Readiness: 4,314*","Stock: 96				
Readiness: 58*","Stock: 150				
Readiness: 90*","Stock: 73				
Readiness: 44*","$21,726,000,000 USD",1.2938
Moldova,"$39,342,000,000 USD","$114,114,000 USD","2,159,717","6,500","2,000",700,"4,000",0,"Stock: 3			
Readiness: 1*","Stock: 0 (0.0%)

Readiness: 0*","Stock: 0 (0.0%)

Readiness: 0*","Stock: 1 (33.3%)

Readiness: 0*","Stock: 2 (66.7%)

Readiness: 1*","Stock: 0 (0.0%)

Readiness: 0*","Stock: 0 (0.0%)

Readiness: 0*","Stock: 0 (0.0%)

Readiness: 0*","Stock: 0 (0.0%)

Readiness: 0*",,,,,,,,,,"Stock: 0				
Readiness: 0*","Stock: 1,598            	
Readiness: 799*","Stock: 4				
Readiness: 2*","Stock: 67				
Readiness: 34*","Stock: 11				
Readiness: 6*","$2,637,000,000 USD",3.6225
Uruguay,"$108,502,000,000 USD","$1,903,440,000 USD","1,575,652","24,000",0,"2,850","15,450","5,700","Stock: 43			
Readiness: 24*","Stock: 6 (14.0%)

Readiness: 3*","Stock: 0 (0.0%)

Readiness: 0*","Stock: 6 (14.0%)

Readiness: 3*","Stock: 12 (27.9%)

Readiness: 7*","Stock: 5 (11.6%)

Readiness: 3*","Stock: 12 (27.9%)

Readiness: 7*","Stock: 0 (0.0%)

Readiness: 0*","Stock: 2 (4.7%)

Readiness: 1*",16,0,0,0,0,0,0,5,2,"Stock: 62				
Readiness: 37*","Stock: 5,968            	
Readiness: 3,581*","Stock: 16				
Readiness: 10*","Stock: 83				
Readiness: 50*","Stock: 4				
Readiness: 2*","$54,450,000,000 USD",2.1537
South Africa,"$870,420,000,000 USD","$2,877,000,000 USD","27,803,618","68,731","29,350","13,815","53,872","7,890","Stock: 181			
Readiness: 118*","Stock: 0 (0.0%)

Readiness: 0*","Stock: 2 (1.1%)

Readiness: 1*","Stock: 11 (6.1%)

Readiness: 7*","Stock: 87 (48.1%)

Readiness: 57*","Stock: 0 (0.0%)

Readiness: 0*","Stock: 81 (44.8%)

Readiness: 53*","Stock: 10 (5.5%)

Readiness: 7*","Stock: 0 (0.0%)

Readiness: 0*",63,0,0,0,4,0,3,42,4,"Stock: 248				
Readiness: 161*","Stock: 23,024            	
Readiness: 14,966*","Stock: 52				
Readiness: 34*","Stock: 434				
Readiness: 282*","Stock: 201				
Readiness: 131*","$93,879,000,000 USD",0.6843
Sweden,"$668,628,000,000 USD","$15,900,000,000 USD","4,235,934","25,600","34,000","8,255","15,300","2,100","Stock: 172			
Readiness: 129*","Stock: 0 (0.0%)

Readiness: 0*","Stock: 73 (42.4%)

Readiness: 55*","Stock: 6 (3.5%)

Readiness: 5*","Stock: 53 (30.8%)

Readiness: 40*","Stock: 3 (1.7%)

Readiness: 2*","Stock: 36 (20.9%)

Readiness: 27*","Stock: 0 (0.0%)

Readiness: 0*","Stock: 1 (0.6%)

Readiness: 1*",279,0,0,0,0,7,4,116,8,"Stock: 110				
Readiness: 83*","Stock: 27,576            	
Readiness: 20,682*","Stock: 24				
Readiness: 18*","Stock: 0				
Readiness: 0*","Stock: 0				
Readiness: 0*","$1,102,693,570,000 USD",0.4834
Iceland,"$26,561,000,000 USD","$500,000,000 USD","83,728",0,0,0,0,0,"Stock: 0			
Readiness: 0*","Stock: 0 (0.0%)

Readiness: 0*","Stock: 0 (0.0%)

Readiness: 0*","Stock: 0 (0.0%)

Readiness: 0*","Stock: 0 (0.0%)

Readiness: 0*","Stock: 0 (0.0%)

Readiness: 0*","Stock: 0 (0.0%)

Readiness: 0*","Stock: 0 (0.0%)

Readiness: 0*","Stock: 0 (0.0%)

Readiness: 0*",0,0,0,0,0,0,0,0,0,"Stock: 0				
Readiness: 0*","Stock: 350            	
Readiness: 350*","Stock: 0				
Readiness: 0*","Stock: 0				
Readiness: 0*","Stock: 0				
Readiness: 0*","$24,200,000,000 USD",3.4013
Ghana,"$243,124,000,000 USD","$954,423,756 USD","14,873,310","15,500",0,"1,860","55,000","1,200","Stock: 18			
Readiness: 10*","Stock: 0 (0.0%)

Readiness: 0*","Stock: 0 (0.0%)

Readiness: 0*","Stock: 2 (11.1%)

Readiness: 1*","Stock: 9 (50.0%)

Readiness: 5*","Stock: 2 (11.1%)

Readiness: 1*","Stock: 5 (27.8%)

Readiness: 3*","Stock: 0 (0.0%)

Readiness: 0*","Stock: 0 (0.0%)

Readiness: 0*",20,0,0,0,0,0,0,20,0,"Stock: 0				
Readiness: 0*","Stock: 3,648            	
Readiness: 2,189*","Stock: 0				
Readiness: 0*","Stock: 6				
Readiness: 4*","Stock: 6				
Readiness: 4*","$29,241,000,000 USD",2.4566
Iraq,"$585,887,000,000 USD","$8,000,000,000 USD","17,675,043","193,000",0,"5,000","180,000","3,000","Stock: 360			
Readiness: 216*","Stock: 36 (10.0%)

Readiness: 22*","Stock: 26 (7.2%)

Readiness: 16*","Stock: 15 (4.2%)

Readiness: 9*","Stock: 183 (50.8%)

Readiness: 110*","Stock: 17 (4.7%)

Readiness: 10*","Stock: 111 (30.8%)

Readiness: 67*","Stock: 39 (10.8%)

Readiness: 23*","Stock: 0 (0.0%)

Readiness: 0*",67,0,0,0,0,1,0,55,0,"Stock: 1,188				
Readiness: 713*","Stock: 37,496            	
Readiness: 22,498*","Stock: 434				
Readiness: 260*","Stock: 610				
Readiness: 366*","Stock: 572				
Readiness: 343*","$15,580,000,000 USD",0.8115
Lebanon,"$65,415,000,000 USD","$800,000,000 USD","2,092,148","80,000","15,000","2,500","99,000","1,500","Stock: 80			
Readiness: 40*","Stock: 9 (11.3%)

Readiness: 5*","Stock: 0 (0.0%)

Readiness: 0*","Stock: 0 (0.0%)

Readiness: 0*","Stock: 68 (85.0%)

Readiness: 34*","Stock: 0 (0.0%)

Readiness: 0*","Stock: 9 (11.3%)

Readiness: 5*","Stock: 0 (0.0%)

Readiness: 0*","Stock: 0 (0.0%)

Readiness: 0*",48,0,0,0,0,0,0,42,0,"Stock: 334				
Readiness: 184*","Stock: 6,912            	
Readiness: 3,802*","Stock: 12				
Readiness: 7*","Stock: 350				
Readiness: 193*","Stock: 11				
Readiness: 6*","$41,619,000,000 USD",2.6521
Oman,"$193,591,000,000 USD","$8,364,000,000 USD","1,482,757","100,000",0,"6,145","100,000","4,200","Stock: 128			
Readiness: 70*","Stock: 10 (7.8%)

Readiness: 6*","Stock: 29 (22.7%)

Readiness: 16*","Stock: 9 (7.0%)

Readiness: 5*","Stock: 31 (24.2%)

Readiness: 17*","Stock: 4 (3.1%)

Readiness: 2*","Stock: 45 (35.2%)

Readiness: 25*","Stock: 0 (0.0%)

Readiness: 0*","Stock: 0 (0.0%)

Readiness: 0*",17,0,0,0,0,5,0,8,0,"Stock: 264				
Readiness: 145*","Stock: 11,380            	
Readiness: 6,259*","Stock: 24				
Readiness: 13*","Stock: 144				
Readiness: 79*","Stock: 0				
Readiness: 0*","$55,986,700,000 USD",1.8823
Brazil,"$4,165,000,000,000 USD","$26,400,000,000 USD","112,226,271","376,000","1,340,000","81,000","1,212,217","80,505","Stock: 495			
Readiness: 322*","Stock: 30 (6.1%)

Readiness: 20*","Stock: 44 (8.9%)

Readiness: 29*","Stock: 107 (21.6%)

Readiness: 70*","Stock: 186 (37.6%)

Readiness: 121*","Stock: 25 (5.1%)

Readiness: 16*","Stock: 124 (25.1%)

Readiness: 81*","Stock: 0 (0.0%)

Readiness: 0*","Stock: 0 (0.0%)

Readiness: 0*",69,0,1,0,8,2,6,22,4,"Stock: 294				
Readiness: 191*","Stock: 22,464            	
Readiness: 14,602*","Stock: 149				
Readiness: 97*","Stock: 412				
Readiness: 268*","Stock: 82				
Readiness: 53*","$198,582,000,000 USD",0.2374
Argentina,"$1,213,000,000,000 USD","$993,919,790 USD","20,677,529","108,000","12,370","14,000","108,000","18,370","Stock: 241			
Readiness: 133*","Stock: 11 (4.6%)

Readiness: 6*","Stock: 23 (9.5%)

Readiness: 13*","Stock: 25 (10.4%)

Readiness: 14*","Stock: 96 (39.8%)

Readiness: 53*","Stock: 13 (5.4%)

Readiness: 7*","Stock: 71 (29.5%)

Readiness: 39*","Stock: 0 (0.0%)

Readiness: 0*","Stock: 2 (0.8%)

Readiness: 1*",42,0,0,3,0,6,2,13,0,"Stock: 362				
Readiness: 199*","Stock: 22,432            	
Readiness: 12,338*","Stock: 20				
Readiness: 11*","Stock: 172				
Readiness: 95*","Stock: 27				
Readiness: 15*","$74,362,000,000 USD",0.5983
Austria,"$581,131,000,000 USD","$6,103,900,800 USD","4,035,592","25,000","125,600","4,300","141,000",0,"Stock: 90			
Readiness: 68*","Stock: 0 (0.0%)

Readiness: 0*","Stock: 15 (16.7%)

Readiness: 11*","Stock: 11 (12.2%)

Readiness: 8*","Stock: 41 (45.6%)

Readiness: 31*","Stock: 0 (0.0%)

Readiness: 0*","Stock: 23 (25.6%)

Readiness: 17*","Stock: 0 (0.0%)

Readiness: 0*","Stock: 0 (0.0%)

Readiness: 0*",,,,,,,,,,"Stock: 56				
Readiness: 42*","Stock: 5,160            	
Readiness: 3,870*","Stock: 30				
Readiness: 23*","Stock: 0				
Readiness: 0*","Stock: 0				
Readiness: 0*","$693,000,000,000 USD",1.3759
Dominican Republic,"$276,884,000,000 USD","$903,000,000 USD","4,975,294","89,000","189,000","6,730","28,750","13,200","Stock: 80			
Readiness: 40*","Stock: 8 (10.0%)

Readiness: 4*","Stock: 0 (0.0%)

Readiness: 0*","Stock: 11 (13.8%)

Readiness: 6*","Stock: 49 (61.3%)

Readiness: 25*","Stock: 1 (1.3%)

Readiness: 1*","Stock: 17 (21.3%)

Readiness: 9*","Stock: 0 (0.0%)

Readiness: 0*","Stock: 0 (0.0%)

Readiness: 0*",34,0,0,0,0,0,0,14,0,"Stock: 6				
Readiness: 3*","Stock: 930            	
Readiness: 465*","Stock: 0				
Readiness: 0*","Stock: 14				
Readiness: 7*","Stock: 0				
Readiness: 0*","$35,044,000,000 USD",2.5853
Ecuador,"$252,728,000,000 USD","$2,963,400,000 USD","8,422,593","41,250","118,000","6,200","25,650","9,400","Stock: 99			
Readiness: 64*","Stock: 0 (0.0%)

Readiness: 0*","Stock: 0 (0.0%)

Readiness: 0*","Stock: 20 (20.2%)

Readiness: 13*","Stock: 43 (43.4%)

Readiness: 28*","Stock: 8 (8.1%)

Readiness: 5*","Stock: 34 (34.3%)

Readiness: 22*","Stock: 0 (0.0%)

Readiness: 0*","Stock: 0 (0.0%)

Readiness: 0*",30,0,0,0,2,6,2,5,0,"Stock: 202				
Readiness: 121*","Stock: 5,322            	
Readiness: 3,193*","Stock: 5				
Readiness: 3*","Stock: 106				
Readiness: 64*","Stock: 24				
Readiness: 14*","$39,658,000,000 USD",1.4479
Gabon,"$48,045,000,000 USD","$340,950,000 USD","932,940","5,000",0,900,"4,500",400,"Stock: 25			
Readiness: 11*","Stock: 0 (0.0%)

Readiness: 0*","Stock: 6 (24.0%)

Readiness: 3*","Stock: 3 (12.0%)

Readiness: 1*","Stock: 16 (64.0%)

Readiness: 7*","Stock: 0 (0.0%)

Readiness: 0*","Stock: 0 (0.0%)

Readiness: 0*","Stock: 0 (0.0%)

Readiness: 0*","Stock: 0 (0.0%)

Readiness: 0*",5,0,0,0,0,0,0,4,0,"Stock: 0				
Readiness: 0*","Stock: 424            	
Readiness: 233*","Stock: 0				
Readiness: 0*","Stock: 4				
Readiness: 2*","Stock: 28				
Readiness: 15*","$6,442,000,000 USD",3.0432
Spain,"$2,361,000,000,000 USD","$39,000,676,350 USD","21,748,999","121,802","24,033","23,000","85,978","20,840","Stock: 440			
Readiness: 286*","Stock: 12 (2.7%)

Readiness: 8*","Stock: 136 (30.9%)

Readiness: 88*","Stock: 51 (11.6%)

Readiness: 33*","Stock: 169 (38.4%)

Readiness: 110*","Stock: 8 (1.8%)

Readiness: 5*","Stock: 108 (24.5%)

Readiness: 70*","Stock: 17 (3.9%)

Readiness: 11*","Stock: 0 (0.0%)

Readiness: 0*",175,1,0,0,11,0,2,112,6,"Stock: 298				
Readiness: 209*","Stock: 49,324            	
Readiness: 34,527*","Stock: 96				
Readiness: 67*","Stock: 188				
Readiness: 132*","Stock: 0				
Readiness: 0*","$2,830,012,130,000 USD",0.3247
Eritrea,"$2,534,000,000 USD","$219,000,000 USD","2,220,385","350,000","680,000",250,"275,000","1,100","Stock: 20			
Readiness: 7*","Stock: 0 (0.0%)

Readiness: 0*","Stock: 1 (5.0%)

Readiness: 0*","Stock: 5 (25.0%)

Readiness: 2*","Stock: 13 (65.0%)

Readiness: 5*","Stock: 0 (0.0%)

Readiness: 0*","Stock: 1 (5.0%)

Readiness: 0*","Stock: 6 (30.0%)

Readiness: 2*","Stock: 0 (0.0%)

Readiness: 0*",23,0,0,0,0,0,0,18,0,"Stock: 148				
Readiness: 67*","Stock: 1,040            	
Readiness: 468*","Stock: 45				
Readiness: 20*","Stock: 89				
Readiness: 40*","Stock: 44				
Readiness: 20*","$461,376,000 USD",2.6841
Uganda,"$144,137,000,000 USD","$1,510,000,000 USD","16,756,234","45,000",0,"1,200","43,800",0,"Stock: 51			
Readiness: 26*","Stock: 0 (0.0%)

Readiness: 0*","Stock: 6 (11.8%)

Readiness: 3*","Stock: 3 (5.9%)

Readiness: 2*","Stock: 30 (58.8%)

Readiness: 15*","Stock: 0 (0.0%)

Readiness: 0*","Stock: 12 (23.5%)

Readiness: 6*","Stock: 6 (11.8%)

Readiness: 3*","Stock: 0 (0.0%)

Readiness: 0*",,,,,,,,,,"Stock: 259				
Readiness: 142*","Stock: 9,702            	
Readiness: 5,336*","Stock: 6				
Readiness: 3*","Stock: 26				
Readiness: 14*","Stock: 12				
Readiness: 7*","$10,469,000,000 USD",2.3252
Turkmenistan,"$134,555,000,000 USD","$1,463,000,000 USD","2,768,681","36,500",0,"3,000","42,760","2,000","Stock: 91			
Readiness: 55*","Stock: 27 (29.7%)

Readiness: 16*","Stock: 22 (24.2%)

Readiness: 13*","Stock: 5 (5.5%)

Readiness: 3*","Stock: 26 (28.6%)

Readiness: 16*","Stock: 0 (0.0%)

Readiness: 0*","Stock: 11 (12.1%)

Readiness: 7*","Stock: 10 (11.0%)

Readiness: 6*","Stock: 0 (0.0%)

Readiness: 0*",16,0,0,0,0,0,0,16,0,"Stock: 654				
Readiness: 392*","Stock: 11,588            	
Readiness: 6,953*","Stock: 73				
Readiness: 44*","Stock: 457				
Readiness: 274*","Stock: 164				
Readiness: 98*","$3,696,000,000 USD",1.7459
Zimbabwe,"$57,391,000,000 USD","$1,976,800,000 USD","6,517,134","29,000",0,"5,000","25,000",0,"Stock: 80			
Readiness: 40*","Stock: 9 (11.3%)

Readiness: 5*","Stock: 9 (11.3%)

Readiness: 5*","Stock: 14 (17.5%)

Readiness: 7*","Stock: 28 (35.0%)

Readiness: 14*","Stock: 0 (0.0%)

Readiness: 0*","Stock: 20 (25.0%)

Readiness: 10*","Stock: 6 (7.5%)

Readiness: 3*","Stock: 0 (0.0%)

Readiness: 0*",,,,,,,,,,"Stock: 60				
Readiness: 33*","Stock: 1,248            	
Readiness: 686*","Stock: 0				
Readiness: 0*","Stock: 0				
Readiness: 0*","Stock: 0				
Readiness: 0*","$6,671,000,000 USD",2.2801
El Salvador,"$73,961,000,000 USD","$1,037,200,000 USD","3,181,777","25,000",0,"2,000","20,500","2,000","Stock: 51			
Readiness: 28*","Stock: 15 (29.4%)

Readiness: 8*","Stock: 0 (0.0%)

Readiness: 0*","Stock: 3 (5.9%)

Readiness: 2*","Stock: 28 (54.9%)

Readiness: 15*","Stock: 0 (0.0%)

Readiness: 0*","Stock: 10 (19.6%)

Readiness: 6*","Stock: 0 (0.0%)

Readiness: 0*","Stock: 0 (0.0%)

Readiness: 0*",13,0,0,0,0,0,0,8,0,"Stock: 0				
Readiness: 0*","Stock: 2,144            	
Readiness: 1,394*","Stock: 0				
Readiness: 0*","Stock: 76				
Readiness: 49*","Stock: 0				
Readiness: 0*","$12,668,000,000 USD",2.9973
Belgium,"$749,229,000,000 USD","$14,900,000,000 USD","4,910,830","26,390","6,600","5,700","11,547","1,355","Stock: 104			
Readiness: 73*","Stock: 12 (11.5%)

Readiness: 8*","Stock: 44 (42.3%)

Readiness: 31*","Stock: 7 (6.7%)

Readiness: 5*","Stock: 14 (13.5%)

Readiness: 10*","Stock: 0 (0.0%)

Readiness: 0*","Stock: 27 (26.0%)

Readiness: 19*","Stock: 0 (0.0%)

Readiness: 0*","Stock: 0 (0.0%)

Readiness: 0*",9,0,0,0,2,0,0,2,5,"Stock: 0				
Readiness: 0*","Stock: 3,588            	
Readiness: 2,691*","Stock: 0				
Readiness: 0*","Stock: 0				
Readiness: 0*","Stock: 0				
Readiness: 0*","$1,594,190,730,000 USD",1.2201
Sudan,"$94,420,000,000 USD","$394,700,000 USD","26,747,657","300,000","200,000","13,000","485,500","2,000","Stock: 183			
Readiness: 92*","Stock: 36 (19.7%)

Readiness: 18*","Stock: 37 (20.2%)

Readiness: 19*","Stock: 13 (7.1%)

Readiness: 7*","Stock: 64 (35.0%)

Readiness: 32*","Stock: 0 (0.0%)

Readiness: 0*","Stock: 33 (18.0%)

Readiness: 17*","Stock: 35 (19.1%)

Readiness: 18*","Stock: 0 (0.0%)

Readiness: 0*",10,0,0,0,0,0,0,10,0,"Stock: 1,055				
Readiness: 580*","Stock: 8,890            	
Readiness: 4,890*","Stock: 100				
Readiness: 55*","Stock: 1,150				
Readiness: 633*","Stock: 800				
Readiness: 440*","$21,650,000,000 USD",1.3563
South Sudan,"$6,752,000,000 USD","$30,700,000 USD","6,351,857","185,000",0,230,"184,120",325,"Stock: 19			
Readiness: 9*","Stock: 0 (0.0%)

Readiness: 0*","Stock: 0 (0.0%)

Readiness: 0*","Stock: 4 (21.1%)

Readiness: 2*","Stock: 15 (78.9%)

Readiness: 7*","Stock: 0 (0.0%)

Readiness: 0*","Stock: 0 (0.0%)

Readiness: 0*","Stock: 6 (31.6%)

Readiness: 3*","Stock: 0 (0.0%)

Readiness: 0*",,,,,,,,,,"Stock: 122				
Readiness: 67*","Stock: 2,550            	
Readiness: 1,403*","Stock: 24				
Readiness: 13*","Stock: 0				
Readiness: 0*","Stock: 15				
Readiness: 8*","$2,722,500,000 USD",2.4645
Morocco,"$350,594,000,000 USD","$16,100,000,000 USD","17,946,041","400,000","250,000","13,000","500,000","9,300","Stock: 271			
Readiness: 163*","Stock: 0 (0.0%)

Readiness: 0*","Stock: 84 (31.0%)

Readiness: 50*","Stock: 31 (11.4%)

Readiness: 19*","Stock: 73 (26.9%)

Readiness: 44*","Stock: 4 (1.5%)

Readiness: 2*","Stock: 77 (28.4%)

Readiness: 46*","Stock: 6 (2.2%)

Readiness: 4*","Stock: 2 (0.7%)

Readiness: 1*",100,0,0,0,6,1,0,84,0,"Stock: 1,346				
Readiness: 808*","Stock: 17,594            	
Readiness: 10,556*","Stock: 544				
Readiness: 326*","Stock: 188				
Readiness: 113*","Stock: 185				
Readiness: 111*","$42,262,000,000 USD",1.0368
Beliz,"$5,538,000,000 USD","$34,400,000 USD","158,000","2,000",850,60,"2,850",0,"Stock: 3			
Readiness: 1*","Stock: 0 (0.0%)

Readiness: 0*","Stock: 0 (0.0%)

Readiness: 0*","Stock: 1 (33.3%)

Readiness: 0*","Stock: 1 (33.3%)

Readiness: 0*","Stock: 1 (33.3%)

Readiness: 0*","Stock: 0 (0.0%)

Readiness: 0*","Stock: 0 (0.0%)

Readiness: 0*","Stock: 0 (0.0%)

Readiness: 0*",15,0,0,0,0,0,0,15,0,"Stock: 0				
Readiness: 0*","Stock: 164            	
Readiness: 82*","Stock: 0				
Readiness: 0*","Stock: 0				
Readiness: 0*","Stock: 0				
Readiness: 0*","$1,235,000,000 USD",4.3602
Suriname,"$12,316,000,000 USD","$58,440,000 USD","142,287","2,500",0,150,"1,000",250,"Stock: 3			
Readiness: 1*","Stock: 0 (0.0%)

Readiness: 0*","Stock: 0 (0.0%)

Readiness: 0*","Stock: 0 (0.0%)

Readiness: 0*","Stock: 3 (100.0%)

Readiness: 1*","Stock: 0 (0.0%)

Readiness: 0*","Stock: 0 (0.0%)

Readiness: 0*","Stock: 0 (0.0%)

Readiness: 0*","Stock: 0 (0.0%)

Readiness: 0*",17,0,0,0,0,0,0,17,0,"Stock: 0				
Readiness: 0*","Stock: 1,250            	
Readiness: 625*","Stock: 0				
Readiness: 0*","Stock: 0				
Readiness: 0*","Stock: 0				
Readiness: 0*","$2,645,000,000 USD",4.0538
Pakistan,"$1,390,000,000,000 USD","$9,102,115,350 USD","108,516,336","660,000","550,000","78,000","1,311,500","57,500","Stock: 1,397			
Readiness: 908*","Stock: 90 (6.4%)

Readiness: 59*","Stock: 331 (23.7%)

Readiness: 215*","Stock: 63 (4.5%)

Readiness: 41*","Stock: 379 (27.1%)

Readiness: 246*","Stock: 27 (1.9%)

Readiness: 18*","Stock: 563 (40.3%)

Readiness: 366*","Stock: 55 (3.9%)

Readiness: 36*","Stock: 4 (0.3%)

Readiness: 3*",120,0,0,0,9,6,8,79,3,"Stock: 2,677				
Readiness: 1,740*","Stock: 59,044            	
Readiness: 38,379*","Stock: 662				
Readiness: 430*","Stock: 2,629				
Readiness: 1,709*","Stock: 652				
Readiness: 424*","$89,148,000,000 USD",0.2626
Liberia,"$9,308,000,000 USD","$20,700,000 USD","2,392,390","2,100",0,0,"2,100",300,"Stock: 0			
Readiness: 0*","Stock: 0 (0.0%)

Readiness: 0*","Stock: 0 (0.0%)

Readiness: 0*","Stock: 0 (0.0%)

Readiness: 0*","Stock: 0 (0.0%)

Readiness: 0*","Stock: 0 (0.0%)

Readiness: 0*","Stock: 0 (0.0%)

Readiness: 0*","Stock: 0 (0.0%)

Readiness: 0*","Stock: 0 (0.0%)

Readiness: 0*",6,0,0,0,0,0,0,6,0,"Stock: 0				
Readiness: 0*","Stock: 550            	
Readiness: 248*","Stock: 0				
Readiness: 0*","Stock: 0				
Readiness: 0*","Stock: 0				
Readiness: 0*","$1,335,000,000 USD",3.9275
Tanzania,"$246,706,000,000 USD","$1,476,113,361 USD","12,143,182","25,000",0,"1,825","21,975","1,200","Stock: 38			
Readiness: 17*","Stock: 0 (0.0%)

Readiness: 0*","Stock: 11 (28.9%)

Readiness: 5*","Stock: 6 (15.8%)

Readiness: 3*","Stock: 15 (39.5%)

Readiness: 7*","Stock: 0 (0.0%)

Readiness: 0*","Stock: 6 (15.8%)

Readiness: 3*","Stock: 0 (0.0%)

Readiness: 0*","Stock: 0 (0.0%)

Readiness: 0*",12,0,0,0,0,0,0,10,0,"Stock: 200				
Readiness: 100*","Stock: 8,408            	
Readiness: 4,204*","Stock: 0				
Readiness: 0*","Stock: 205				
Readiness: 103*","Stock: 70				
Readiness: 35*","$17,513,000,000 USD",1.9111
Niger,"$47,921,000,000 USD","$488,400,000 USD","7,902,835","25,000",0,"1,250","10,000",0,"Stock: 26			
Readiness: 13*","Stock: 2 (7.7%)

Readiness: 1*","Stock: 0 (0.0%)

Readiness: 0*","Stock: 7 (26.9%)

Readiness: 4*","Stock: 13 (50.0%)

Readiness: 7*","Stock: 2 (7.7%)

Readiness: 1*","Stock: 0 (0.0%)

Readiness: 0*","Stock: 2 (7.7%)

Readiness: 1*","Stock: 0 (0.0%)

Readiness: 0*",,,,,,,,,,"Stock: 0				
Readiness: 0*","Stock: 1,550            	
Readiness: 775*","Stock: 0				
Readiness: 0*","Stock: 0				
Readiness: 0*","Stock: 0				
Readiness: 0*","$3,793,000,000 USD",2.6867
Panama,"$164,484,000,000 USD","$1,069,750,000 USD","2,011,608","16,300",0,500,"80,000",0,"Stock: 38			
Readiness: 21*","Stock: 0 (0.0%)

Readiness: 0*","Stock: 0 (0.0%)

Readiness: 0*","Stock: 13 (34.2%)

Readiness: 7*","Stock: 23 (60.5%)

Readiness: 13*","Stock: 2 (5.3%)

Readiness: 1*","Stock: 0 (0.0%)

Readiness: 0*","Stock: 0 (0.0%)

Readiness: 0*","Stock: 0 (0.0%)

Readiness: 0*",22,0,0,0,0,0,0,14,0,"Stock: 0				
Readiness: 0*","Stock: 1,550            	
Readiness: 853*","Stock: 0				
Readiness: 0*","Stock: 0				
Readiness: 0*","Stock: 0				
Readiness: 0*","$1,227,085,530,000 USD",3.5011
Montenegro,"$17,375,000,000 USD","$204,000,000 USD","143,964","2,350",0,480,"1,500",550,"Stock: 10			
Readiness: 5*","Stock: 0 (0.0%)

Readiness: 0*","Stock: 0 (0.0%)

Readiness: 0*","Stock: 0 (0.0%)

Readiness: 0*","Stock: 10 (100.0%)

Readiness: 5*","Stock: 0 (0.0%)

Readiness: 0*","Stock: 0 (0.0%)

Readiness: 0*","Stock: 0 (0.0%)

Readiness: 0*","Stock: 0 (0.0%)

Readiness: 0*",20,0,0,0,0,0,0,14,0,"Stock: 0				
Readiness: 0*","Stock: 946            	
Readiness: 520*","Stock: 0				
Readiness: 0*","Stock: 12				
Readiness: 7*","Stock: 12				
Readiness: 7*","$3,643,000,000 USD",2.9782
Bhutan,"$11,517,000,000 USD","$26,600,000 USD","203,446","16,000","50,000",0,"66,000",0,"Stock: 2			
Readiness: 1*","Stock: 0 (0.0%)

Readiness: 0*","Stock: 0 (0.0%)

Readiness: 0*","Stock: 0 (0.0%)

Readiness: 0*","Stock: 2 (100.0%)

Readiness: 1*","Stock: 0 (0.0%)

Readiness: 0*","Stock: 0 (0.0%)

Readiness: 0*","Stock: 0 (0.0%)

Readiness: 0*","Stock: 0 (0.0%)

Readiness: 0*",,,,,,,,,,"Stock: 0				
Readiness: 0*","Stock: 78            	
Readiness: 31*","Stock: 0				
Readiness: 0*","Stock: 0				
Readiness: 0*","Stock: 0				
Readiness: 0*","$2,827,000,000 USD",5.7991
United Arab Emirates,"$745,994,000,000 USD","$23,480,000,000 USD","5,818,684","65,000","130,000","7,000","44,000","3,000","Stock: 581			
Readiness: 349*","Stock: 40 (6.9%)

Readiness: 24*","Stock: 99 (17.0%)

Readiness: 59*","Stock: 35 (6.0%)

Readiness: 21*","Stock: 250 (43.0%)

Readiness: 150*","Stock: 27 (4.6%)

Readiness: 16*","Stock: 151 (26.0%)

Readiness: 91*","Stock: 30 (5.2%)

Readiness: 18*","Stock: 5 (0.9%)

Readiness: 3*",84,0,0,0,0,11,0,34,2,"Stock: 354				
Readiness: 212*","Stock: 8,982            	
Readiness: 5,389*","Stock: 165				
Readiness: 99*","Stock: 99				
Readiness: 59*","Stock: 49				
Readiness: 29*","$290,400,000,000 USD",1.0188
Tajikistan,"$50,370,000,000 USD","$450,460,000 USD","4,781,269","150,000","600,000","1,200","9,000",0,"Stock: 25			
Readiness: 14*","Stock: 0 (0.0%)

Readiness: 0*","Stock: 0 (0.0%)

Readiness: 0*","Stock: 1 (4.0%)

Readiness: 1*","Stock: 20 (80.0%)

Readiness: 11*","Stock: 0 (0.0%)

Readiness: 0*","Stock: 4 (16.0%)

Readiness: 2*","Stock: 6 (24.0%)

Readiness: 3*","Stock: 0 (0.0%)

Readiness: 0*",,,,,,,,,,"Stock: 38				
Readiness: 23*","Stock: 6,782            	
Readiness: 4,069*","Stock: 3				
Readiness: 2*","Stock: 13				
Readiness: 8*","Stock: 24				
Readiness: 14*","$3,024,000,000 USD",2.1749
Egypt,"$1,958,000,000,000 USD","$5,193,500,000 USD","45,611,372","438,500","479,000","50,000","685,000","50,000","Stock: 1,088			
Readiness: 707*","Stock: 90 (8.3%)

Readiness: 59*","Stock: 242 (22.2%)

Readiness: 157*","Stock: 53 (4.9%)

Readiness: 34*","Stock: 348 (32.0%)

Readiness: 226*","Stock: 11 (1.0%)

Readiness: 7*","Stock: 344 (31.6%)

Readiness: 224*","Stock: 100 (9.2%)

Readiness: 65*","Stock: 0 (0.0%)

Readiness: 0*",149,0,2,0,13,7,8,61,17,"Stock: 3,620				
Readiness: 2,534*","Stock: 54,694            	
Readiness: 38,286*","Stock: 1,056				
Readiness: 739*","Stock: 962				
Readiness: 673*","Stock: 648				
Readiness: 454*","$117,272,000,000 USD",0.3651
Mozambique,"$51,786,000,000 USD","$480,000,000 USD","14,674,420","11,200",0,"4,000","11,200","1,000","Stock: 23			
Readiness: 12*","Stock: 2 (8.7%)

Readiness: 1*","Stock: 8 (34.8%)

Readiness: 4*","Stock: 5 (21.7%)

Readiness: 3*","Stock: 7 (30.4%)

Readiness: 4*","Stock: 0 (0.0%)

Readiness: 0*","Stock: 1 (4.3%)

Readiness: 1*","Stock: 2 (8.7%)

Readiness: 1*","Stock: 0 (0.0%)

Readiness: 0*",36,0,0,0,0,0,0,36,0,"Stock: 60				
Readiness: 30*","Stock: 3,488            	
Readiness: 1,744*","Stock: 0				
Readiness: 0*","Stock: 104				
Readiness: 52*","Stock: 12				
Readiness: 6*","$8,274,000,000 USD",1.9769
Belarus,"$265,220,000,000 USD","$1,034,784,000 USD","5,035,769","63,000","365,400","11,300","18,000",0,"Stock: 194			
Readiness: 107*","Stock: 50 (25.8%)

Readiness: 28*","Stock: 43 (22.2%)

Readiness: 24*","Stock: 4 (2.1%)

Readiness: 2*","Stock: 70 (36.1%)

Readiness: 39*","Stock: 0 (0.0%)

Readiness: 0*","Stock: 27 (13.9%)

Readiness: 15*","Stock: 31 (16.0%)

Readiness: 17*","Stock: 0 (0.0%)

Readiness: 0*",,,,,,,,,,"Stock: 577				
Readiness: 375*","Stock: 6,820            	
Readiness: 4,433*","Stock: 357				
Readiness: 232*","Stock: 190				
Readiness: 124*","Stock: 206				
Readiness: 134*","$18,010,000,000 USD",1.4072
Canada,"$2,341,000,000,000 USD","$45,824,959,620 USD","16,681,770","63,500","23,000","15,560","49,300","16,300","Stock: 354			
Readiness: 266*","Stock: 0 (0.0%)

Readiness: 0*","Stock: 66 (18.6%)

Readiness: 50*","Stock: 29 (8.2%)

Readiness: 22*","Stock: 146 (41.2%)

Readiness: 110*","Stock: 34 (9.6%)

Readiness: 26*","Stock: 95 (26.8%)

Readiness: 71*","Stock: 0 (0.0%)

Readiness: 0*","Stock: 6 (1.7%)

Readiness: 5*",67,0,0,0,12,0,4,17,0,"Stock: 74				
Readiness: 56*","Stock: 21,780            	
Readiness: 16,335*","Stock: 0				
Readiness: 0*","Stock: 0				
Readiness: 0*","Stock: 0				
Readiness: 0*","$2,571,113,270,000 USD",0.5269
Sri Lanka,"$301,407,000,000 USD","$1,500,000,000 USD","10,551,652","346,000","90,000","26,000","150,000","40,000","Stock: 90			
Readiness: 50*","Stock: 0 (0.0%)

Readiness: 0*","Stock: 6 (6.7%)

Readiness: 3*","Stock: 15 (16.7%)

Readiness: 8*","Stock: 49 (54.4%)

Readiness: 27*","Stock: 3 (3.3%)

Readiness: 2*","Stock: 7 (7.8%)

Readiness: 4*","Stock: 8 (8.9%)

Readiness: 4*","Stock: 0 (0.0%)

Readiness: 0*",275,0,0,0,5,0,0,259,0,"Stock: 87				
Readiness: 52*","Stock: 15,021            	
Readiness: 9,013*","Stock: 0				
Readiness: 0*","Stock: 96				
Readiness: 58*","Stock: 28				
Readiness: 17*","$42,198,000,000 USD",1.3822
Italy,"$3,133,000,000,000 USD","$37,325,165,000 USD","27,434,219","165,500","18,300","43,000","97,755","30,000","Stock: 714			
Readiness: 500*","Stock: 65 (9.1%)

Readiness: 46*","Stock: 88 (12.3%)

Readiness: 62*","Stock: 31 (4.3%)

Readiness: 22*","Stock: 352 (49.3%)

Readiness: 246*","Stock: 22 (3.1%)

Readiness: 15*","Stock: 152 (21.3%)

Readiness: 106*","Stock: 37 (5.2%)

Readiness: 26*","Stock: 8 (1.1%)

Readiness: 6*",285,2,0,3,14,0,8,15,10,"Stock: 203				
Readiness: 142*","Stock: 87,364            	
Readiness: 61,155*","Stock: 64				
Readiness: 45*","Stock: 108				
Readiness: 76*","Stock: 21				
Readiness: 15*","$3,025,000,000,000 USD",0.2211
Luxembourg,"$86,871,000,000 USD","$1,530,685,000 USD","154,388","1,200",0,0,"1,200",0,"Stock: 1			
Readiness: 1*","Stock: 0 (0.0%)

Readiness: 0*","Stock: 0 (0.0%)

Readiness: 0*","Stock: 1 (100.0%)

Readiness: 1*","Stock: 0 (0.0%)

Readiness: 0*","Stock: 0 (0.0%)

Readiness: 0*","Stock: 0 (0.0%)

Readiness: 0*","Stock: 0 (0.0%)

Readiness: 0*","Stock: 0 (0.0%)

Readiness: 0*",,,,,,,,,,"Stock: 0				
Readiness: 0*","Stock: 476            	
Readiness: 309*","Stock: 0				
Readiness: 0*","Stock: 0				
Readiness: 0*","Stock: 0				
Readiness: 0*","$5,203,000,000,000 USD",2.4429
Madagascar,"$52,968,000,000 USD","$147,630,000 USD","11,192,031","13,500",0,300,"21,600",500,"Stock: 6			
Readiness: 3*","Stock: 0 (0.0%)

Readiness: 0*","Stock: 0 (0.0%)

Readiness: 0*","Stock: 1 (16.7%)

Readiness: 1*","Stock: 5 (83.3%)

Readiness: 3*","Stock: 0 (0.0%)

Readiness: 0*","Stock: 0 (0.0%)

Readiness: 0*","Stock: 0 (0.0%)

Readiness: 0*","Stock: 0 (0.0%)

Readiness: 0*",7,0,0,0,0,0,0,5,0,"Stock: 12				
Readiness: 7*","Stock: 316            	
Readiness: 174*","Stock: 0				
Readiness: 0*","Stock: 17				
Readiness: 9*","Stock: 0				
Readiness: 0*","$3,548,000,000 USD",3.0381
Tunisia,"$156,086,000,000 USD","$2,172,751,250 USD","6,024,424","89,800",0,"4,500","150,000","5,000","Stock: 155			
Readiness: 93*","Stock: 0 (0.0%)

Readiness: 0*","Stock: 10 (6.5%)

Readiness: 6*","Stock: 12 (7.7%)

Readiness: 7*","Stock: 101 (65.2%)

Readiness: 61*","Stock: 4 (2.6%)

Readiness: 2*","Stock: 28 (18.1%)

Readiness: 17*","Stock: 0 (0.0%)

Readiness: 0*","Stock: 0 (0.0%)

Readiness: 0*",37,0,0,0,1,1,0,30,0,"Stock: 145				
Readiness: 87*","Stock: 13,927            	
Readiness: 8,356*","Stock: 0				
Readiness: 0*","Stock: 105				
Readiness: 63*","Stock: 0				
Readiness: 0*","$21,212,000,000 USD",1.7823
Colombia,"$978,024,000,000 USD","$15,800,000,000 USD","24,298,295","429,000","998,000","25,000","2,048,583","35,100","Stock: 430			
Readiness: 280*","Stock: 24 (5.6%)

Readiness: 16*","Stock: 16 (3.7%)

Readiness: 10*","Stock: 82 (19.1%)

Readiness: 53*","Stock: 255 (59.3%)

Readiness: 166*","Stock: 27 (6.3%)

Readiness: 18*","Stock: 72 (16.7%)

Readiness: 47*","Stock: 0 (0.0%)

Readiness: 0*","Stock: 1 (0.2%)

Readiness: 1*",213,0,0,0,9,2,4,158,0,"Stock: 0				
Readiness: 0*","Stock: 12,780            	
Readiness: 8,307*","Stock: 6				
Readiness: 4*","Stock: 110				
Readiness: 72*","Stock: 0				
Readiness: 0*","$108,027,000,000 USD",0.7551
Bolivia,"$122,200,000,000 USD","$467,670,000 USD","5,417,269","40,000","40,000","10,000","43,000","4,500","Stock: 67			
Readiness: 37*","Stock: 0 (0.0%)

Readiness: 0*","Stock: 0 (0.0%)

Readiness: 0*","Stock: 15 (22.4%)

Readiness: 8*","Stock: 29 (43.3%)

Readiness: 16*","Stock: 2 (3.0%)

Readiness: 1*","Stock: 20 (29.9%)

Readiness: 11*","Stock: 0 (0.0%)

Readiness: 0*","Stock: 0 (0.0%)

Readiness: 0*",,,,,,,,,,"Stock: 54				
Readiness: 30*","Stock: 764            	
Readiness: 420*","Stock: 0				
Readiness: 0*","Stock: 58				
Readiness: 32*","Stock: 0				
Readiness: 0*","$11,174,000,000 USD",1.8301
Latvia,"$72,516,000,000 USD","$42,000,000 USD","810,561","17,870","38,000",250,"55,870","1,000","Stock: 3			
Readiness: 2*","Stock: 0 (0.0%)

Readiness: 0*","Stock: 0 (0.0%)

Readiness: 0*","Stock: 0 (0.0%)

Readiness: 0*","Stock: 3 (100.0%)

Readiness: 2*","Stock: 0 (0.0%)

Readiness: 0*","Stock: 0 (0.0%)

Readiness: 0*","Stock: 0 (0.0%)

Readiness: 0*","Stock: 0 (0.0%)

Readiness: 0*",18,0,0,0,0,0,0,11,6,"Stock: 0				
Readiness: 0*","Stock: 3,410            	
Readiness: 2,217*","Stock: 47				
Readiness: 31*","Stock: 0				
Readiness: 0*","Stock: 0				
Readiness: 0*","$48,598,440,000 USD",2.2316
Saudi Arabia,"$2,213,000,000,000 USD","$63,988,055,520 USD","19,003,104","247,000",0,"30,000","75,000","13,500","Stock: 917			
Readiness: 596*","Stock: 81 (8.8%)

Readiness: 53*","Stock: 283 (30.9%)

Readiness: 184*","Stock: 49 (5.3%)

Readiness: 32*","Stock: 264 (28.8%)

Readiness: 172*","Stock: 16 (1.7%)

Readiness: 10*","Stock: 202 (22.0%)

Readiness: 131*","Stock: 34 (3.7%)

Readiness: 22*","Stock: 22 (2.4%)

Readiness: 14*",32,0,0,0,7,9,0,9,3,"Stock: 1,085				
Readiness: 705*","Stock: 22,370            	
Readiness: 14,541*","Stock: 380				
Readiness: 247*","Stock: 557				
Readiness: 362*","Stock: 327				
Readiness: 213*","$248,171,000,000 USD",0.4473
Kosovo,"$25,019,000,000 USD","$1,177,450,000 USD","917,371","4,000","5,000",0,"9,000",0,"Stock: 0			
Readiness: 0*","Stock: 0 (0.0%)

Readiness: 0*","Stock: 0 (0.0%)

Readiness: 0*","Stock: 0 (0.0%)

Readiness: 0*","Stock: 0 (0.0%)

Readiness: 0*","Stock: 0 (0.0%)

Readiness: 0*","Stock: 0 (0.0%)

Readiness: 0*","Stock: 0 (0.0%)

Readiness: 0*","Stock: 0 (0.0%)

Readiness: 0*",,,,,,,,,,"Stock: 0				
Readiness: 0*","Stock: 1,357            	
Readiness: 746*","Stock: 0				
Readiness: 0*","Stock: 0				
Readiness: 0*","Stock: 0				
Readiness: 0*","$785,739,000 USD",3.8041
Portugal,"$556,942,000,000 USD","$6,760,000,000 USD","5,319,863","25,000","23,500","6,000","12,000","7,000","Stock: 128			
Readiness: 90*","Stock: 5 (3.9%)

Readiness: 4*","Stock: 28 (21.9%)

Readiness: 20*","Stock: 20 (15.6%)

Readiness: 14*","Stock: 36 (28.1%)

Readiness: 25*","Stock: 16 (12.5%)

Readiness: 11*","Stock: 23 (18.0%)

Readiness: 16*","Stock: 0 (0.0%)

Readiness: 0*","Stock: 4 (3.1%)

Readiness: 3*",128,0,0,0,5,2,2,71,0,"Stock: 34				
Readiness: 24*","Stock: 10,419            	
Readiness: 7,293*","Stock: 23				
Readiness: 16*","Stock: 54				
Readiness: 38*","Stock: 0				
Readiness: 0*","$530,000,000,000 USD",0.6659
United Kingdom,"$3,636,000,000,000 USD","$88,526,529,585 USD","31,491,165","141,330","31,940","34,800","108,413","37,890","Stock: 625			
Readiness: 406*","Stock: 38 (6.1%)

Readiness: 25*","Stock: 103 (16.5%)

Readiness: 67*","Stock: 30 (4.8%)

Readiness: 20*","Stock: 262 (41.9%)

Readiness: 170*","Stock: 29 (4.6%)

Readiness: 19*","Stock: 201 (32.2%)

Readiness: 131*","Stock: 50 (8.0%)

Readiness: 33*","Stock: 9 (1.4%)

Readiness: 6*",116,2,0,6,7,0,10,26,8,"Stock: 288				
Readiness: 187*","Stock: 94,064            	
Readiness: 61,142*","Stock: 14				
Readiness: 9*","Stock: 126				
Readiness: 82*","Stock: 43				
Readiness: 28*","$10,553,123,900,000 USD",0.1881
Armenia,"$60,909,000,000 USD","$1,480,000,000 USD","1,666,988","65,000","210,000","5,000","65,000",0,"Stock: 69			
Readiness: 35*","Stock: 14 (20.3%)

Readiness: 7*","Stock: 4 (5.8%)

Readiness: 2*","Stock: 3 (4.3%)

Readiness: 2*","Stock: 36 (52.2%)

Readiness: 18*","Stock: 0 (0.0%)

Readiness: 0*","Stock: 12 (17.4%)

Readiness: 6*","Stock: 20 (29.0%)

Readiness: 10*","Stock: 0 (0.0%)

Readiness: 0*",,,,,,,,,,"Stock: 109				
Readiness: 60*","Stock: 1,412            	
Readiness: 777*","Stock: 104				
Readiness: 57*","Stock: 193				
Readiness: 106*","Stock: 100				
Readiness: 55*","$6,002,000,000 USD",2.2016
Ivory Coast,"$215,018,000,000 USD","$18,200,000 USD","12,292,521","22,000",0,460,"22,000","1,000","Stock: 22			
Readiness: 10*","Stock: 0 (0.0%)

Readiness: 0*","Stock: 0 (0.0%)

Readiness: 0*","Stock: 3 (13.6%)

Readiness: 1*","Stock: 14 (63.6%)

Readiness: 6*","Stock: 3 (13.6%)

Readiness: 1*","Stock: 2 (9.1%)

Readiness: 1*","Stock: 5 (22.7%)

Readiness: 2*","Stock: 0 (0.0%)

Readiness: 0*",8,0,0,0,0,0,0,7,0,"Stock: 0				
Readiness: 0*","Stock: 1,328            	
Readiness: 664*","Stock: 0				
Readiness: 0*","Stock: 4				
Readiness: 2*","Stock: 6				
Readiness: 3*","$26,576,000,000 USD",2.3884
Nigeria,"$1,318,000,000,000 USD","$3,900,000,000 USD","125,475,979","230,000",0,"18,000","1,960,000","11,000","Stock: 159			
Readiness: 87*","Stock: 24 (15.1%)

Readiness: 13*","Stock: 14 (8.8%)

Readiness: 8*","Stock: 12 (7.5%)

Readiness: 7*","Stock: 69 (43.4%)

Readiness: 38*","Stock: 12 (7.5%)

Readiness: 7*","Stock: 28 (17.6%)

Readiness: 15*","Stock: 15 (9.4%)

Readiness: 8*","Stock: 0 (0.0%)

Readiness: 0*",152,0,0,0,1,0,0,132,2,"Stock: 330				
Readiness: 182*","Stock: 12,219            	
Readiness: 6,720*","Stock: 40				
Readiness: 22*","Stock: 339				
Readiness: 186*","Stock: 37				
Readiness: 20*","$45,009,000,000 USD",0.6097
Uzbekistan,"$379,989,000,000 USD","$6,210,000,000 USD","18,990,708","120,000",0,"15,000","95,000",550,"Stock: 159			
Readiness: 87*","Stock: 13 (8.2%)

Readiness: 7*","Stock: 26 (16.4%)

Readiness: 14*","Stock: 12 (7.5%)

Readiness: 7*","Stock: 101 (63.5%)

Readiness: 56*","Stock: 0 (0.0%)

Readiness: 0*","Stock: 7 (4.4%)

Readiness: 4*","Stock: 34 (21.4%)

Readiness: 19*","Stock: 0 (0.0%)

Readiness: 0*",0,0,0,0,0,0,0,0,0,"Stock: 470				
Readiness: 259*","Stock: 8,692            	
Readiness: 4,781*","Stock: 177				
Readiness: 97*","Stock: 236				
Readiness: 130*","Stock: 108				
Readiness: 59*","$25,714,000,000 USD",0.9908
China,"$33,598,000,000,000 USD","$303,000,000,000 USD","764,123,366","2,035,000","510,000","403,000","2,545,000","384,000","Stock: 3,529			
Readiness: 2,647*","Stock: 371 (10.5%)

Readiness: 278*","Stock: 1,443 (40.9%)

Readiness: 1,082*","Stock: 287 (8.1%)

Readiness: 215*","Stock: 1,007 (28.5%)

Readiness: 755*","Stock: 105 (3.0%)

Readiness: 79*","Stock: 401 (11.4%)

Readiness: 301*","Stock: 281 (8.0%)

Readiness: 211*","Stock: 9 (0.3%)

Readiness: 7*",841,3,4,53,46,50,61,150,36,"Stock: 5,870				
Readiness: 4,696*","Stock: 152,040            	
Readiness: 121,632*","Stock: 2,940				
Readiness: 2,352*","Stock: 1,400				
Readiness: 1,120*","Stock: 2,770				
Readiness: 2,216*","$488,114,000,000 USD",0.0919
Kenya,"$328,632,000,000 USD","$1,651,803,025 USD","21,551,160","50,000",0,"4,175","50,000","2,500","Stock: 154			
Readiness: 85*","Stock: 0 (0.0%)

Readiness: 0*","Stock: 17 (11.0%)

Readiness: 9*","Stock: 21 (13.6%)

Readiness: 12*","Stock: 84 (54.5%)

Readiness: 46*","Stock: 2 (1.3%)

Readiness: 1*","Stock: 30 (19.5%)

Readiness: 17*","Stock: 2 (1.3%)

Readiness: 1*","Stock: 0 (0.0%)

Readiness: 0*",27,0,0,0,0,0,0,18,0,"Stock: 188				
Readiness: 103*","Stock: 9,114            	
Readiness: 5,013*","Stock: 18				
Readiness: 10*","Stock: 53				
Readiness: 29*","Stock: 0				
Readiness: 0*","$31,451,000,000 USD",1.8588
Kazakhstan,"$739,385,000,000 USD","$5,836,386,000 USD","9,117,003","110,000","135,000","12,000","80,000","3,000","Stock: 168			
Readiness: 101*","Stock: 13 (7.7%)

Readiness: 8*","Stock: 37 (22.0%)

Readiness: 22*","Stock: 21 (12.5%)

Readiness: 13*","Stock: 72 (42.9%)

Readiness: 43*","Stock: 0 (0.0%)

Readiness: 0*","Stock: 25 (14.9%)

Readiness: 15*","Stock: 12 (7.1%)

Readiness: 7*","Stock: 0 (0.0%)

Readiness: 0*",26,0,0,0,0,0,0,23,2,"Stock: 353				
Readiness: 212*","Stock: 17,460            	
Readiness: 10,476*","Stock: 126				
Readiness: 76*","Stock: 194				
Readiness: 116*","Stock: 287				
Readiness: 172*","$25,765,000,000 USD",1.0433
Bangladesh,"$1,473,000,000,000 USD","$3,340,000,000 USD","82,661,620","204,000",0,"19,000","173,408","22,000","Stock: 212			
Readiness: 138*","Stock: 0 (0.0%)

Readiness: 0*","Stock: 41 (19.3%)

Readiness: 27*","Stock: 17 (8.0%)

Readiness: 11*","Stock: 67 (31.6%)

Readiness: 44*","Stock: 4 (1.9%)

Readiness: 3*","Stock: 83 (39.2%)

Readiness: 54*","Stock: 0 (0.0%)

Readiness: 0*","Stock: 0 (0.0%)

Readiness: 0*",121,0,0,0,7,6,2,61,5,"Stock: 320				
Readiness: 224*","Stock: 11,584            	
Readiness: 8,109*","Stock: 36				
Readiness: 25*","Stock: 487				
Readiness: 341*","Stock: 103				
Readiness: 72*","$58,020,000,000 USD",0.6517
Namibia,"$31,154,000,000 USD","$450,498,000 USD","616,805","17,567",0,"1,175","8,500","3,000","Stock: 36			
Readiness: 16*","Stock: 0 (0.0%)

Readiness: 0*","Stock: 11 (30.6%)

Readiness: 5*","Stock: 5 (13.9%)

Readiness: 2*","Stock: 7 (19.4%)

Readiness: 3*","Stock: 0 (0.0%)

Readiness: 0*","Stock: 13 (36.1%)

Readiness: 6*","Stock: 2 (5.6%)

Readiness: 1*","Stock: 0 (0.0%)

Readiness: 0*",15,0,0,0,0,2,0,15,0,"Stock: 7				
Readiness: 4*","Stock: 2,402            	
Readiness: 1,201*","Stock: 0				
Readiness: 0*","Stock: 50				
Readiness: 25*","Stock: 55				
Readiness: 28*","$9,680,000,000 USD",2.7414
Australia,"$1,635,000,000,000 USD","$57,350,000,000 USD","11,242,811","58,910","33,270","21,584","44,235","20,607","Stock: 348			
Readiness: 261*","Stock: 71 (20.4%)

Readiness: 53*","Stock: 24 (6.9%)

Readiness: 18*","Stock: 37 (10.6%)

Readiness: 28*","Stock: 72 (20.7%)

Readiness: 54*","Stock: 31 (8.9%)

Readiness: 23*","Stock: 107 (30.7%)

Readiness: 80*","Stock: 22 (6.3%)

Readiness: 17*","Stock: 6 (1.7%)

Readiness: 5*",45,0,2,3,7,0,6,13,3,"Stock: 46				
Readiness: 35*","Stock: 17,118            	
Readiness: 12,839*","Stock: 0				
Readiness: 0*","Stock: 48				
Readiness: 36*","Stock: 8				
Readiness: 6*","$3,770,254,730,000 USD",0.3208
Yemen,"$18,719,000,000 USD","$405,187,500 USD","12,213,368","33,350",0,"3,850","56,350","3,250","Stock: 160			
Readiness: 64*","Stock: 0 (0.0%)

Readiness: 0*","Stock: 68 (42.5%)

Readiness: 27*","Stock: 3 (1.9%)

Readiness: 1*","Stock: 59 (36.9%)

Readiness: 24*","Stock: 0 (0.0%)

Readiness: 0*","Stock: 30 (18.8%)

Readiness: 12*","Stock: 14 (8.8%)

Readiness: 6*","Stock: 0 (0.0%)

Readiness: 0*",26,0,0,0,0,1,0,9,0,"Stock: 0				
Readiness: 0*","Stock: 1,550            	
Readiness: 775*","Stock: 12				
Readiness: 6*","Stock: 60				
Readiness: 30*","Stock: 30				
Readiness: 15*","$6,492,000,000 USD",2.1617
United States Of America,"$25,676,000,000,000 USD","$831,500,000,000 USD","150,463,900","1,333,030","799,500","708,758","1,174,890","612,124","Stock: 13,032			
Readiness: 9,774*","Stock: 926 (7.1%)

Readiness: 695*","Stock: 1,791 (13.7%)

Readiness: 1,343*","Stock: 917 (7.0%)

Readiness: 688*","Stock: 5,913 (45.4%)

Readiness: 4,435*","Stock: 611 (4.7%)

Readiness: 458*","Stock: 2,610 (20.0%)

Readiness: 1,958*","Stock: 1,024 (7.9%)

Readiness: 768*","Stock: 610 (4.7%)

Readiness: 458*",465,11,9,83,0,27,66,0,4,"Stock: 4,666				
Readiness: 3,500*","Stock: 409,660            	
Readiness: 307,245*","Stock: 1,521				
Readiness: 1,141*","Stock: 1,878				
Readiness: 1,409*","Stock: 1,731				
Readiness: 1,298*","$24,538,900,710,000 USD",0.0741
Singapore,"$800,304,000,000 USD","$18,000,000,000 USD","3,918,498","51,000","252,500","13,500","280,000","9,000","Stock: 235			
Readiness: 176*","Stock: 0 (0.0%)

Readiness: 0*","Stock: 100 (42.6%)

Readiness: 75*","Stock: 9 (3.8%)

Readiness: 7*","Stock: 75 (31.9%)

Readiness: 56*","Stock: 9 (3.8%)

Readiness: 7*","Stock: 36 (15.3%)

Readiness: 27*","Stock: 20 (8.5%)

Readiness: 15*","Stock: 11 (4.7%)

Readiness: 8*",101,0,0,0,6,6,6,55,4,"Stock: 170				
Readiness: 128*","Stock: 17,244            	
Readiness: 12,933*","Stock: 48				
Readiness: 36*","Stock: 89				
Readiness: 67*","Stock: 24				
Readiness: 18*","$1,884,751,660,000 USD",0.5272
Senegal,"$83,183,000,000 USD","$777,800,000 USD","7,162,057","17,000",0,"1,000","15,460",500,"Stock: 39			
Readiness: 18*","Stock: 0 (0.0%)

Readiness: 0*","Stock: 0 (0.0%)

Readiness: 0*","Stock: 5 (12.8%)

Readiness: 2*","Stock: 19 (48.7%)

Readiness: 9*","Stock: 1 (2.6%)

Readiness: 0*","Stock: 22 (56.4%)

Readiness: 10*","Stock: 5 (12.8%)

Readiness: 2*","Stock: 0 (0.0%)

Readiness: 0*",4,0,0,0,0,0,0,4,0,"Stock: 0				
Readiness: 0*","Stock: 1,860            	
Readiness: 930*","Stock: 0				
Readiness: 0*","Stock: 20				
Readiness: 10*","Stock: 6				
Readiness: 3*","$14,985,000,000 USD",2.8925
Jordan,"$109,986,000,000 USD","$2,668,500,000 USD","3,463,947","114,500","100,000","14,000","146,000","5,500","Stock: 279			
Readiness: 181*","Stock: 10 (3.6%)

Readiness: 7*","Stock: 44 (15.8%)

Readiness: 29*","Stock: 12 (4.3%)

Readiness: 8*","Stock: 159 (57.0%)

Readiness: 103*","Stock: 11 (3.9%)

Readiness: 7*","Stock: 66 (23.7%)

Readiness: 43*","Stock: 44 (15.8%)

Readiness: 29*","Stock: 0 (0.0%)

Readiness: 0*",27,0,0,0,0,0,0,27,0,"Stock: 1,508				
Readiness: 980*","Stock: 25,278            	
Readiness: 16,431*","Stock: 478				
Readiness: 311*","Stock: 80				
Readiness: 52*","Stock: 84				
Readiness: 55*","$21,058,000,000 USD",1.5581
Guatemala,"$232,673,000,000 USD","$616,000,000 USD","7,484,639","106,114","90,000","2,210","196,114","3,200","Stock: 35			
Readiness: 19*","Stock: 3 (8.6%)

Readiness: 2*","Stock: 0 (0.0%)

Readiness: 0*","Stock: 10 (28.6%)

Readiness: 6*","Stock: 20 (57.1%)

Readiness: 11*","Stock: 2 (5.7%)

Readiness: 1*","Stock: 0 (0.0%)

Readiness: 0*","Stock: 0 (0.0%)

Readiness: 0*","Stock: 0 (0.0%)

Readiness: 0*",25,0,0,0,0,0,0,20,0,"Stock: 0				
Readiness: 0*","Stock: 3,268            	
Readiness: 1,961*","Stock: 0				
Readiness: 0*","Stock: 110				
Readiness: 66*","Stock: 0				
Readiness: 0*","$11,862,000,000 USD",2.1277
Nepal,"$149,643,000,000 USD","$431,355,326 USD","15,249,970","98,500","82,000","1,000","97,500",0,"Stock: 17			
Readiness: 9*","Stock: 0 (0.0%)

Readiness: 0*","Stock: 0 (0.0%)

Readiness: 0*","Stock: 7 (41.2%)

Readiness: 4*","Stock: 10 (58.8%)

Readiness: 5*","Stock: 0 (0.0%)

Readiness: 0*","Stock: 0 (0.0%)

Readiness: 0*","Stock: 0 (0.0%)

Readiness: 0*","Stock: 0 (0.0%)

Readiness: 0*",,,,,,,,,,"Stock: 0				
Readiness: 0*","Stock: 1,108            	
Readiness: 609*","Stock: 0				
Readiness: 0*","Stock: 14				
Readiness: 8*","Stock: 0				
Readiness: 0*","$5,719,000,000 USD",2.8037
North Macedonia,"$43,844,000,000 USD","$421,527,100 USD","948,216","10,010","60,000",950,"70,011",0,"Stock: 20			
Readiness: 11*","Stock: 0 (0.0%)

Readiness: 0*","Stock: 0 (0.0%)

Readiness: 0*","Stock: 0 (0.0%)

Readiness: 0*","Stock: 10 (50.0%)

Readiness: 6*","Stock: 0 (0.0%)

Readiness: 0*","Stock: 10 (50.0%)

Readiness: 6*","Stock: 4 (20.0%)

Readiness: 2*","Stock: 0 (0.0%)

Readiness: 0*",,,,,,,,,,"Stock: 0				
Readiness: 0*","Stock: 1,878            	
Readiness: 1,033*","Stock: 0				
Readiness: 0*","Stock: 156				
Readiness: 86*","Stock: 18				
Readiness: 10*","$5,637,000,000 USD",2.4956
Philippines,"$1,202,000,000,000 USD","$6,571,641,011 USD","50,859,137","160,000","1,500,000","33,600","1,310,000","42,270","Stock: 204			
Readiness: 112*","Stock: 17 (8.3%)

Readiness: 9*","Stock: 0 (0.0%)

Readiness: 0*","Stock: 23 (11.3%)

Readiness: 13*","Stock: 130 (63.7%)

Readiness: 72*","Stock: 11 (5.4%)

Readiness: 6*","Stock: 23 (11.3%)

Readiness: 13*","Stock: 6 (2.9%)

Readiness: 3*","Stock: 0 (0.0%)

Readiness: 0*",127,0,0,0,4,1,0,60,0,"Stock: 18				
Readiness: 11*","Stock: 20,551            	
Readiness: 12,331*","Stock: 12				
Readiness: 7*","Stock: 296				
Readiness: 178*","Stock: 0				
Readiness: 0*","$63,241,000,000 USD",0.6993
Syria,"$98,858,000,000 USD","$145,925,000 USD","15,273,871","100,000",0,"7,500","100,000","3,250","Stock: 104			
Readiness: 42*","Stock: 5 (4.8%)

Readiness: 2*","Stock: 52 (50.0%)

Readiness: 21*","Stock: 2 (1.9%)

Readiness: 1*","Stock: 39 (37.5%)

Readiness: 16*","Stock: 0 (0.0%)

Readiness: 0*","Stock: 8 (7.7%)

Readiness: 3*","Stock: 7 (6.7%)

Readiness: 3*","Stock: 0 (0.0%)

Readiness: 0*",12,0,0,0,0,0,0,8,0,"Stock: 168				
Readiness: 84*","Stock: 18,736            	
Readiness: 9,368*","Stock: 60				
Readiness: 30*","Stock: 0				
Readiness: 0*","Stock: 0				
Readiness: 0*","$4,441,250,000 USD",1.8861
Paraguay,"$112,919,000,000 USD","$416,800,000 USD","3,535,598","15,650","168,500","1,100","180,000","5,400","Stock: 49			
Readiness: 27*","Stock: 4 (8.2%)

Readiness: 2*","Stock: 0 (0.0%)

Readiness: 0*","Stock: 12 (24.5%)

Readiness: 7*","Stock: 18 (36.7%)

Readiness: 10*","Stock: 1 (2.0%)

Readiness: 1*","Stock: 14 (28.6%)

Readiness: 8*","Stock: 0 (0.0%)

Readiness: 0*","Stock: 0 (0.0%)

Readiness: 0*",,,,,,,,,,"Stock: 10				
Readiness: 6*","Stock: 2,876            	
Readiness: 1,582*","Stock: 6				
Readiness: 3*","Stock: 50				
Readiness: 28*","Stock: 0				
Readiness: 0*","$13,783,000,000 USD",1.7974
Norway,"$507,680,000,000 USD","$11,189,483,200 USD","2,203,893","33,440","20,100","3,650","8,735","4,010","Stock: 109			
Readiness: 82*","Stock: 43 (39.4%)

Readiness: 32*","Stock: 0 (0.0%)

Readiness: 0*","Stock: 4 (3.7%)

Readiness: 3*","Stock: 34 (31.2%)

Readiness: 26*","Stock: 5 (4.6%)

Readiness: 4*","Stock: 23 (21.1%)

Readiness: 17*","Stock: 0 (0.0%)

Readiness: 0*","Stock: 0 (0.0%)

Readiness: 0*",48,0,0,0,4,6,6,20,5,"Stock: 36				
Readiness: 25*","Stock: 11,441            	
Readiness: 8,009*","Stock: 28				
Readiness: 20*","Stock: 0				
Readiness: 0*","Stock: 0				
Readiness: 0*","$787,758,400,000 USD",0.6679
Cuba,"$81,165,000,000 USD","$3,301,500,000 USD","5,921,661","50,000","40,000","4,120","90,000","3,550","Stock: 20			
Readiness: 9*","Stock: 0 (0.0%)

Readiness: 0*","Stock: 11 (55.0%)

Readiness: 5*","Stock: 4 (20.0%)

Readiness: 2*","Stock: 13 (65.0%)

Readiness: 6*","Stock: 0 (0.0%)

Readiness: 0*","Stock: 3 (15.0%)

Readiness: 1*","Stock: 4 (20.0%)

Readiness: 2*","Stock: 0 (0.0%)

Readiness: 0*",19,0,0,0,1,1,0,6,4,"Stock: 194				
Readiness: 107*","Stock: 7,792            	
Readiness: 4,286*","Stock: 140				
Readiness: 77*","Stock: 364				
Readiness: 200*","Stock: 200				
Readiness: 110*","$36,372,600,000 USD",1.3345
Germany,"$5,247,000,000,000 USD","$127,400,090,000 USD","38,694,786","184,324","860,000","27,725","63,000","15,531","Stock: 569			
Readiness: 427*","Stock: 63 (11.1%)

Readiness: 47*","Stock: 127 (22.3%)

Readiness: 95*","Stock: 55 (9.7%)

Readiness: 41*","Stock: 292 (51.3%)

Readiness: 219*","Stock: 27 (4.7%)

Readiness: 20*","Stock: 16 (2.8%)

Readiness: 12*","Stock: 49 (8.6%)

Readiness: 37*","Stock: 3 (0.5%)

Readiness: 2*",96,0,0,0,11,6,6,54,12,"Stock: 296				
Readiness: 222*","Stock: 87,338            	
Readiness: 65,504*","Stock: 134				
Readiness: 101*","Stock: 0				
Readiness: 0*","Stock: 33				
Readiness: 25*","$6,862,470,230,000 USD",0.2463
Georgia,"$91,849,000,000 USD","$680,000,000 USD","2,744,538","37,000","205,500","3,000","205,500",0,"Stock: 61			
Readiness: 34*","Stock: 5 (8.2%)

Readiness: 3*","Stock: 0 (0.0%)

Readiness: 0*","Stock: 2 (3.3%)

Readiness: 1*","Stock: 44 (72.1%)

Readiness: 24*","Stock: 0 (0.0%)

Readiness: 0*","Stock: 10 (16.4%)

Readiness: 6*","Stock: 11 (18.0%)

Readiness: 6*","Stock: 0 (0.0%)

Readiness: 0*",19,0,0,0,0,0,0,31,4,"Stock: 132				
Readiness: 73*","Stock: 5,974            	
Readiness: 3,286*","Stock: 67				
Readiness: 37*","Stock: 121				
Readiness: 67*","Stock: 42				
Readiness: 23*","$9,085,000,000 USD",2.0779
New Zealand,"$257,117,000,000 USD","$2,455,949,332 USD","2,219,321","10,050","3,300","2,875","6,345","2,873","Stock: 47			
Readiness: 31*","Stock: 0 (0.0%)

Readiness: 0*","Stock: 0 (0.0%)

Readiness: 0*","Stock: 7 (14.9%)

Readiness: 5*","Stock: 21 (44.7%)

Readiness: 14*","Stock: 6 (12.8%)

Readiness: 4*","Stock: 13 (27.7%)

Readiness: 8*","Stock: 0 (0.0%)

Readiness: 0*","Stock: 0 (0.0%)

Readiness: 0*",8,0,0,0,2,0,0,4,0,"Stock: 0				
Readiness: 0*","Stock: 3,378            	
Readiness: 2,365*","Stock: 0				
Readiness: 0*","Stock: 31				
Readiness: 22*","Stock: 0				
Readiness: 0*","$230,651,410,000 USD",1.9258
Mauritania,"$33,069,000,000 USD","$270,625,000 USD","1,687,936","31,540","66,000","1,105","102,540","1,500","Stock: 23			
Readiness: 10*","Stock: 4 (17.4%)

Readiness: 2*","Stock: 0 (0.0%)

Readiness: 0*","Stock: 7 (30.4%)

Readiness: 3*","Stock: 4 (17.4%)

Readiness: 2*","Stock: 2 (8.7%)

Readiness: 1*","Stock: 6 (26.1%)

Readiness: 3*","Stock: 0 (0.0%)

Readiness: 0*","Stock: 0 (0.0%)

Readiness: 0*",6,0,0,0,0,0,0,6,0,"Stock: 51				
Readiness: 26*","Stock: 5,024            	
Readiness: 2,512*","Stock: 0				
Readiness: 0*","Stock: 75				
Readiness: 38*","Stock: 0				
Readiness: 0*","$3,072,000,000 USD",2.7919
Central African Republic,"$5,926,000,000 USD","$300,000,000 USD","2,203,873","30,000",0,100,"30,000",0,"Stock: 8			
Readiness: 2*","Stock: 8 (100.0%)

Readiness: 2*","Stock: 0 (0.0%)

Readiness: 0*","Stock: 0 (0.0%)

Readiness: 0*","Stock: 0 (0.0%)

Readiness: 0*","Stock: 0 (0.0%)

Readiness: 0*","Stock: 0 (0.0%)

Readiness: 0*","Stock: 0 (0.0%)

Readiness: 0*","Stock: 0 (0.0%)

Readiness: 0*",,,,,,,,,,"Stock: 0				
Readiness: 0*","Stock: 270            	
Readiness: 122*","Stock: 0				
Readiness: 0*","Stock: 0				
Readiness: 0*","Stock: 0				
Readiness: 0*","$724,179,000 USD",4.2381
Ukraine,"$577,583,000,000 USD","$45,000,000,000 USD","18,187,531","900,000","4,000,000","35,000","250,000","11,000","Stock: 347			
Readiness: 191*","Stock: 30 (8.6%)

Readiness: 17*","Stock: 88 (25.4%)

Readiness: 48*","Stock: 22 (6.3%)

Readiness: 12*","Stock: 140 (40.3%)

Readiness: 77*","Stock: 5 (1.4%)

Readiness: 3*","Stock: 72 (20.7%)

Readiness: 40*","Stock: 39 (11.2%)

Readiness: 21*","Stock: 0 (0.0%)

Readiness: 0*",169,0,0,0,0,0,0,133,5,"Stock: 1,121				
Readiness: 729*","Stock: 45,458            	
Readiness: 29,548*","Stock: 682				
Readiness: 443*","Stock: 625				
Readiness: 406*","Stock: 288				
Readiness: 187*","$90,003,000,000 USD",0.3691
Bahrain,"$93,937,000,000 USD","$997,015,509 USD","846,120","18,400","110,000","1,500","130,000",700,"Stock: 137			
Readiness: 69*","Stock: 0 (0.0%)

Readiness: 0*","Stock: 28 (20.4%)

Readiness: 14*","Stock: 3 (2.2%)

Readiness: 2*","Stock: 66 (48.2%)

Readiness: 33*","Stock: 0 (0.0%)

Readiness: 0*","Stock: 40 (29.2%)

Readiness: 20*","Stock: 34 (24.8%)

Readiness: 17*","Stock: 0 (0.0%)

Readiness: 0*",64,0,0,0,2,2,0,50,0,"Stock: 150				
Readiness: 90*","Stock: 5,196            	
Readiness: 3,118*","Stock: 38				
Readiness: 23*","Stock: 26				
Readiness: 16*","Stock: 18				
Readiness: 11*","$54,450,000,000 USD",1.6731
Kyrgyzstan,"$50,907,000,000 USD","$654,000,000 USD","3,147,772","23,000",0,500,"20,000",0,"Stock: 7			
Readiness: 4*","Stock: 0 (0.0%)

Readiness: 0*","Stock: 0 (0.0%)

Readiness: 0*","Stock: 0 (0.0%)

Readiness: 0*","Stock: 7 (100.0%)

Readiness: 4*","Stock: 0 (0.0%)

Readiness: 0*","Stock: 0 (0.0%)

Readiness: 0*","Stock: 2 (28.6%)

Readiness: 1*","Stock: 0 (0.0%)

Readiness: 0*",,,,,,,,,,"Stock: 215				
Readiness: 129*","Stock: 5,372            	
Readiness: 3,223*","Stock: 30				
Readiness: 18*","Stock: 174				
Readiness: 104*","Stock: 21				
Readiness: 13*","$3,617,000,000 USD",2.3969
Angola,"$278,239,000,000 USD","$31,200,000,000 USD","7,440,412","107,000",0,"6,000","100,000","1,500","Stock: 278			
Readiness: 153*","Stock: 6 (2.2%)

Readiness: 3*","Stock: 67 (24.1%)

Readiness: 37*","Stock: 32 (11.5%)

Readiness: 18*","Stock: 115 (41.4%)

Readiness: 63*","Stock: 2 (0.7%)

Readiness: 1*","Stock: 56 (20.1%)

Readiness: 31*","Stock: 14 (5.0%)

Readiness: 8*","Stock: 0 (0.0%)

Readiness: 0*",32,0,0,0,0,0,0,32,0,"Stock: 319				
Readiness: 191*","Stock: 2,258            	
Readiness: 1,355*","Stock: 25				
Readiness: 15*","Stock: 575				
Readiness: 345*","Stock: 116				
Readiness: 70*","$45,299,000,000 USD",1.1045
Sierra Leone,"$26,728,000,000 USD","$450,000,000 USD","2,006,631","13,000",0,175,"12,575",250,"Stock: 1			
Readiness: 0*","Stock: 0 (0.0%)

Readiness: 0*","Stock: 0 (0.0%)

Readiness: 0*","Stock: 0 (0.0%)

Readiness: 0*","Stock: 1 (100.0%)

Readiness: 0*","Stock: 0 (0.0%)

Readiness: 0*","Stock: 0 (0.0%)

Readiness: 0*","Stock: 0 (0.0%)

Readiness: 0*","Stock: 0 (0.0%)

Readiness: 0*",10,0,0,0,0,0,0,10,0,"Stock: 0				
Readiness: 0*","Stock: 350            	
Readiness: 175*","Stock: 0				
Readiness: 0*","Stock: 0				
Readiness: 0*","Stock: 0				
Readiness: 0*","$1,451,000,000 USD",3.9201
Laos,"$66,905,000,000 USD","$355,600,000 USD","3,499,565","100,000","30,000",500,"130,000","2,000","Stock: 29			
Readiness: 16*","Stock: 0 (0.0%)

Readiness: 0*","Stock: 0 (0.0%)

Readiness: 0*","Stock: 2 (6.9%)

Readiness: 1*","Stock: 20 (69.0%)

Readiness: 11*","Stock: 0 (0.0%)

Readiness: 0*","Stock: 7 (24.1%)

Readiness: 4*","Stock: 0 (0.0%)

Readiness: 0*","Stock: 0 (0.0%)

Readiness: 0*",,,,,,,,,,"Stock: 160				
Readiness: 104*","Stock: 7,725            	
Readiness: 5,021*","Stock: 50				
Readiness: 33*","Stock: 97				
Readiness: 63*","Stock: 64				
Readiness: 42*","$9,619,000,000 USD",2.8672
Nicaragua,"$52,989,000,000 USD","$1,311,600,000 USD","3,271,705","45,000",0,815,"42,935","1,250","Stock: 17			
Readiness: 9*","Stock: 0 (0.0%)

Readiness: 0*","Stock: 0 (0.0%)

Readiness: 0*","Stock: 5 (29.4%)

Readiness: 3*","Stock: 12 (70.6%)

Readiness: 6*","Stock: 0 (0.0%)

Readiness: 0*","Stock: 1 (5.9%)

Readiness: 1*","Stock: 0 (0.0%)

Readiness: 0*","Stock: 0 (0.0%)

Readiness: 0*",23,0,0,0,0,0,0,23,0,"Stock: 186				
Readiness: 102*","Stock: 6,344            	
Readiness: 3,489*","Stock: 0				
Readiness: 0*","Stock: 347				
Readiness: 191*","Stock: 151				
Readiness: 83*","$6,753,000,000 USD",2.5894
Republic Of The Congo,"$39,147,000,000 USD","$933,360,000 USD","2,256,136","10,000",0,675,"9,325",0,"Stock: 14			
Readiness: 6*","Stock: 0 (0.0%)

Readiness: 0*","Stock: 2 (14.3%)

Readiness: 1*","Stock: 4 (28.6%)

Readiness: 2*","Stock: 8 (57.1%)

Readiness: 4*","Stock: 0 (0.0%)

Readiness: 0*","Stock: 0 (0.0%)

Readiness: 0*","Stock: 1 (7.1%)

Readiness: 0*","Stock: 0 (0.0%)

Readiness: 0*",4,0,0,0,0,0,0,0,0,"Stock: 61				
Readiness: 31*","Stock: 804            	
Readiness: 402*","Stock: 3				
Readiness: 2*","Stock: 38				
Readiness: 19*","Stock: 30				
Readiness: 15*","$6,360,000,000 USD",2.6259
Indonesia,"$4,102,000,000,000 USD","$11,155,297,716 USD","137,965,608","404,500","401,000","30,100","300,400","66,034","Stock: 460			
Readiness: 299*","Stock: 34 (7.4%)

Readiness: 22*","Stock: 41 (8.9%)

Readiness: 27*","Stock: 73 (15.9%)

Readiness: 47*","Stock: 212 (46.1%)

Readiness: 138*","Stock: 15 (3.3%)

Readiness: 10*","Stock: 114 (24.8%)

Readiness: 74*","Stock: 15 (3.3%)

Readiness: 10*","Stock: 1 (0.2%)

Readiness: 1*",338,0,0,0,10,26,4,211,10,"Stock: 331				
Readiness: 215*","Stock: 28,064            	
Readiness: 18,242*","Stock: 153				
Readiness: 99*","Stock: 396				
Readiness: 257*","Stock: 67				
Readiness: 44*","$225,273,000,000 USD",0.2582
Switzerland,"$741,035,000,000 USD","$8,372,658,426 USD","3,898,653","147,178",0,"20,000","127,178",0,"Stock: 141			
Readiness: 99*","Stock: 0 (0.0%)

Readiness: 0*","Stock: 40 (28.4%)

Readiness: 28*","Stock: 16 (11.3%)

Readiness: 11*","Stock: 39 (27.7%)

Readiness: 27*","Stock: 3 (2.1%)

Readiness: 2*","Stock: 43 (30.5%)

Readiness: 30*","Stock: 0 (0.0%)

Readiness: 0*","Stock: 0 (0.0%)

Readiness: 0*",,,,,,,,,,"Stock: 134				
Readiness: 94*","Stock: 6,885            	
Readiness: 4,820*","Stock: 133				
Readiness: 93*","Stock: 0				
Readiness: 0*","Stock: 0				
Readiness: 0*","$2,420,000,000,000 USD",0.8396
Vietnam,"$1,456,000,000,000 USD","$10,200,000,000 USD","54,994,667","450,000","5,000,000","35,000","5,450,000","50,000","Stock: 265			
Readiness: 146*","Stock: 0 (0.0%)

Readiness: 0*","Stock: 61 (23.0%)

Readiness: 34*","Stock: 6 (2.3%)

Readiness: 3*","Stock: 101 (38.1%)

Readiness: 56*","Stock: 3 (1.1%)

Readiness: 2*","Stock: 91 (34.3%)

Readiness: 50*","Stock: 0 (0.0%)

Readiness: 0*","Stock: 0 (0.0%)

Readiness: 0*",116,0,0,0,9,17,6,27,8,"Stock: 1,999				
Readiness: 1,199*","Stock: 69,914            	
Readiness: 41,948*","Stock: 30				
Readiness: 18*","Stock: 3,250				
Readiness: 1,950*","Stock: 774				
Readiness: 464*","$34,426,000,000 USD",0.4066
Lithuania,"$136,227,000,000 USD","$5,651,760,000 USD","1,708,321","23,000","104,000","1,500","21,000",700,"Stock: 9			
Readiness: 6*","Stock: 0 (0.0%)

Readiness: 0*","Stock: 0 (0.0%)

Readiness: 0*","Stock: 5 (55.6%)

Readiness: 3*","Stock: 4 (44.4%)

Readiness: 3*","Stock: 0 (0.0%)

Readiness: 0*","Stock: 0 (0.0%)

Readiness: 0*","Stock: 0 (0.0%)

Readiness: 0*","Stock: 0 (0.0%)

Readiness: 0*",13,0,0,0,0,0,0,5,4,"Stock: 0				
Readiness: 0*","Stock: 4,553            	
Readiness: 2,732*","Stock: 16				
Readiness: 10*","Stock: 54				
Readiness: 32*","Stock: 0				
Readiness: 0*","$48,400,000,000 USD",1.8949
Croatia,"$164,825,000,000 USD","$2,744,000,000 USD","2,033,557","14,325","20,100","1,500","7,000","1,365","Stock: 67			
Readiness: 50*","Stock: 0 (0.0%)

Readiness: 0*","Stock: 12 (17.9%)

Readiness: 9*","Stock: 0 (0.0%)

Readiness: 0*","Stock: 37 (55.2%)

Readiness: 28*","Stock: 0 (0.0%)

Readiness: 0*","Stock: 26 (38.8%)

Readiness: 20*","Stock: 0 (0.0%)

Readiness: 0*","Stock: 0 (0.0%)

Readiness: 0*",30,0,0,0,0,0,0,11,1,"Stock: 55				
Readiness: 44*","Stock: 4,874            	
Readiness: 3,899*","Stock: 25				
Readiness: 20*","Stock: 42				
Readiness: 34*","Stock: 42				
Readiness: 34*","$60,500,000,000 USD",1.5432
